#node1	node2	node1_string_id	node2_string_id	neighborhood_on_chromosome	gene_fusion	phylogenetic_cooccurrence	homology	coexpression	experimentally_determined_interaction	database_annotated	automated_textmining	combined_score
AKT1	CD4	9606.ENSP00000451828	9606.ENSP00000011653	0	0	0	0	0.042	0.081	0	0.832	0.839
AKT1	MAPK1	9606.ENSP00000451828	9606.ENSP00000215832	0	0	0	0.593	0.118	0.110	0.900	0.872	0.988
AKT1	HMOX1	9606.ENSP00000451828	9606.ENSP00000216117	0	0	0	0	0.042	0.087	0	0.786	0.796
AKT1	TIMP1	9606.ENSP00000451828	9606.ENSP00000218388	0	0	0	0	0.056	0.045	0	0.599	0.607
AKT1	MMP2	9606.ENSP00000451828	9606.ENSP00000219070	0	0	0	0	0.055	0	0	0.844	0.846
AKT1	TGFB1	9606.ENSP00000451828	9606.ENSP00000221930	0	0	0	0	0.104	0.126	0	0.845	0.868
AKT1	SERPINE1	9606.ENSP00000451828	9606.ENSP00000223095	0	0	0	0	0	0	0	0.608	0.608
AKT1	CCL2	9606.ENSP00000451828	9606.ENSP00000225831	0	0	0	0	0	0	0	0.720	0.720
AKT1	COL1A1	9606.ENSP00000451828	9606.ENSP00000225964	0	0	0	0	0	0.084	0	0.683	0.697
AKT1	VTN	9606.ENSP00000451828	9606.ENSP00000226218	0	0	0	0	0.055	0	0	0.510	0.517
AKT1	IL2	9606.ENSP00000451828	9606.ENSP00000226730	0	0	0	0	0	0	0	0.692	0.692
AKT1	IFNG	9606.ENSP00000451828	9606.ENSP00000229135	0	0	0	0	0.049	0	0	0.816	0.817
AKT1	IL4	9606.ENSP00000451828	9606.ENSP00000231449	0	0	0	0	0.057	0	0	0.694	0.699
AKT1	IL5	9606.ENSP00000451828	9606.ENSP00000231454	0	0	0	0	0	0	0	0.449	0.449
AKT1	CRP	9606.ENSP00000451828	9606.ENSP00000255030	0	0	0	0	0	0	0	0.530	0.530
AKT1	KRAS	9606.ENSP00000451828	9606.ENSP00000256078	0	0	0	0	0.076	0.110	0	0.893	0.904
AKT1	MMP7	9606.ENSP00000451828	9606.ENSP00000260227	0	0	0	0	0.069	0	0	0.585	0.597
AKT1	MMP13	9606.ENSP00000451828	9606.ENSP00000260302	0	0	0	0	0.055	0	0	0.571	0.578
AKT1	TIMP2	9606.ENSP00000451828	9606.ENSP00000262768	0	0	0	0	0.060	0.045	0	0.510	0.521
AKT1	MAPK3	9606.ENSP00000451828	9606.ENSP00000263025	0	0	0	0.587	0.266	0.110	0.900	0.432	0.957
AKT1	IL1B	9606.ENSP00000451828	9606.ENSP00000263341	0	0	0	0	0	0	0	0.864	0.864
AKT1	PIK3CA	9606.ENSP00000451828	9606.ENSP00000263967	0	0	0	0	0.060	0.738	0.900	0.951	0.998
AKT1	STAT3	9606.ENSP00000451828	9606.ENSP00000264657	0	0	0	0	0.118	0.096	0.500	0.925	0.966
AKT1	ICAM1	9606.ENSP00000451828	9606.ENSP00000264832	0	0	0	0	0.074	0	0	0.693	0.704
AKT1	SOD1	9606.ENSP00000451828	9606.ENSP00000270142	0	0.021	0	0	0.049	0.049	0	0.561	0.568
AKT1	IFNA1	9606.ENSP00000451828	9606.ENSP00000276927	0	0	0	0	0	0	0	0.579	0.579
AKT1	PPARG	9606.ENSP00000451828	9606.ENSP00000287820	0	0	0	0	0.084	0.071	0	0.773	0.790
AKT1	MMP3	9606.ENSP00000451828	9606.ENSP00000299855	0	0	0	0	0.055	0	0	0.582	0.588
AKT1	COL3A1	9606.ENSP00000451828	9606.ENSP00000304408	0	0	0	0	0	0.084	0	0.386	0.413
AKT1	IL13	9606.ENSP00000451828	9606.ENSP00000304915	0	0	0	0	0	0	0	0.580	0.580
AKT1	FOS	9606.ENSP00000451828	9606.ENSP00000306245	0	0	0	0	0.069	0.096	0	0.722	0.746
AKT1	CXCL8	9606.ENSP00000451828	9606.ENSP00000306512	0	0	0	0	0	0	0	0.720	0.720
AKT1	NQO1	9606.ENSP00000451828	9606.ENSP00000319788	0	0	0	0	0.042	0.292	0	0.602	0.706
AKT1	PLAUR	9606.ENSP00000451828	9606.ENSP00000339328	0	0	0	0	0	0	0	0.474	0.474
AKT1	FN1	9606.ENSP00000451828	9606.ENSP00000346839	0	0	0	0	0.055	0	0	0.844	0.846
AKT1	ELN	9606.ENSP00000451828	9606.ENSP00000351807	0	0	0	0	0.055	0	0	0.478	0.485
AKT1	COL18A1	9606.ENSP00000451828	9606.ENSP00000352798	0	0	0	0	0.074	0	0	0.447	0.466
AKT1	MTOR	9606.ENSP00000451828	9606.ENSP00000354558	0	0	0	0	0.060	0.925	0.900	0.954	0.999
AKT1	PTGS2	9606.ENSP00000451828	9606.ENSP00000356438	0	0	0	0	0.078	0	0	0.767	0.775
AKT1	NRAS	9606.ENSP00000451828	9606.ENSP00000358548	0	0	0	0	0.099	0.164	0	0.774	0.815
AKT1	JUN	9606.ENSP00000451828	9606.ENSP00000360266	0	0	0	0	0.049	0.085	0.900	0.915	0.991
AKT1	MMP9	9606.ENSP00000451828	9606.ENSP00000361405	0	0	0	0	0.086	0	0	0.819	0.827
AKT1	PLAU	9606.ENSP00000451828	9606.ENSP00000361850	0	0	0	0	0.055	0.096	0	0.583	0.612
AKT1	TLR4	9606.ENSP00000451828	9606.ENSP00000363089	0	0	0	0	0.074	0.100	0	0.745	0.769
AKT1	FOXP3	9606.ENSP00000451828	9606.ENSP00000365380	0	0	0	0	0	0.045	0	0.621	0.623
AKT1	IFNB1	9606.ENSP00000451828	9606.ENSP00000369581	0	0	0	0	0	0	0	0.713	0.713
AKT1	KEAP1	9606.ENSP00000451828	9606.ENSP00000377245	0	0	0	0	0.164	0	0	0.684	0.724
AKT1	MAPK8	9606.ENSP00000451828	9606.ENSP00000378974	0	0	0	0.576	0.053	0.326	0	0.576	0.706
AKT1	GSTP1	9606.ENSP00000451828	9606.ENSP00000381607	0	0	0	0	0.043	0	0	0.400	0.401
AKT1	RELA	9606.ENSP00000451828	9606.ENSP00000384273	0	0	0	0	0.063	0.098	0	0.761	0.780
AKT1	IL6	9606.ENSP00000451828	9606.ENSP00000385675	0	0	0	0	0	0	0	0.872	0.872
AKT1	CD8A	9606.ENSP00000451828	9606.ENSP00000386559	0	0	0	0	0	0.045	0	0.811	0.811
AKT1	TNF	9606.ENSP00000451828	9606.ENSP00000398698	0	0	0	0	0.074	0.057	0	0.903	0.907
AKT1	RAF1	9606.ENSP00000451828	9606.ENSP00000401888	0	0	0.145	0.583	0.075	0.816	0.900	0.557	0.992
AKT1	HRAS	9606.ENSP00000451828	9606.ENSP00000407586	0	0	0	0	0.103	0.110	0	0.880	0.896
AKT1	IL10	9606.ENSP00000451828	9606.ENSP00000412237	0	0	0	0	0	0.052	0	0.728	0.731
AKT1	RXRA	9606.ENSP00000451828	9606.ENSP00000419692	0	0	0	0	0.099	0.071	0	0.554	0.595
AKT1	IKBKB	9606.ENSP00000451828	9606.ENSP00000430684	0	0	0	0.601	0.152	0.775	0.900	0.570	0.990
AKT1	HIF1A	9606.ENSP00000451828	9606.ENSP00000437955	0	0	0	0	0	0.229	0	0.916	0.932
AKT1	SOD2	9606.ENSP00000451828	9606.ENSP00000446252	0	0	0	0	0.042	0	0	0.630	0.631
AKT1	IL17A	9606.ENSP00000451828	9606.ENSP00000497968	0	0	0	0	0	0	0	0.623	0.623
AKT1	MYD88	9606.ENSP00000451828	9606.ENSP00000498321	0	0	0	0	0.054	0.095	0	0.810	0.823
AKT1	PIK3CB	9606.ENSP00000451828	9606.ENSP00000501150	0	0	0	0	0.049	0.334	0.900	0.901	0.992
C1QB	CD4	9606.ENSP00000313967	9606.ENSP00000011653	0	0	0	0	0.181	0.091	0	0.270	0.409
C1QB	TIMP1	9606.ENSP00000313967	9606.ENSP00000218388	0	0	0	0	0.073	0	0	0.490	0.507
C1QB	C3	9606.ENSP00000313967	9606.ENSP00000245907	0	0	0	0	0.108	0	0	0.445	0.483
C1QB	CRP	9606.ENSP00000313967	9606.ENSP00000255030	0	0	0	0	0.043	0.405	0.500	0.185	0.736
C1QB	IL1B	9606.ENSP00000313967	9606.ENSP00000263341	0	0	0	0	0.083	0	0	0.509	0.530
C1QB	FN1	9606.ENSP00000313967	9606.ENSP00000346839	0	0	0	0	0.054	0.395	0	0.515	0.698
C1QB	C4A	9606.ENSP00000313967	9606.ENSP00000396688	0	0	0	0	0.109	0	0.900	0.728	0.973
C3	CD4	9606.ENSP00000245907	9606.ENSP00000011653	0	0	0	0	0.044	0	0	0.589	0.590
C3	PROCR	9606.ENSP00000245907	9606.ENSP00000216968	0	0	0	0	0.058	0	0	0.459	0.469
C3	SERPINE1	9606.ENSP00000245907	9606.ENSP00000223095	0	0	0	0	0.088	0	0	0.412	0.441
C3	C5	9606.ENSP00000245907	9606.ENSP00000223642	0	0	0	0.747	0.123	0.292	0.900	0.635	0.974
C3	CCL2	9606.ENSP00000245907	9606.ENSP00000225831	0	0	0	0	0.167	0	0	0.698	0.737
C3	COL1A1	9606.ENSP00000245907	9606.ENSP00000225964	0	0	0	0	0.067	0	0	0.499	0.512
C3	VTN	9606.ENSP00000245907	9606.ENSP00000226218	0	0	0	0	0.145	0	0	0.765	0.790
C3	IL2	9606.ENSP00000245907	9606.ENSP00000226730	0	0	0	0	0	0	0	0.684	0.684
C3	IFNG	9606.ENSP00000245907	9606.ENSP00000229135	0	0	0	0	0.086	0	0	0.584	0.603
C3	IL4	9606.ENSP00000245907	9606.ENSP00000231449	0	0	0	0	0.082	0	0	0.471	0.493
C3	RELA	9606.ENSP00000245907	9606.ENSP00000384273	0	0	0	0	0.085	0.292	0	0.151	0.402
C3	IL13	9606.ENSP00000245907	9606.ENSP00000304915	0	0	0	0	0.098	0	0	0.367	0.404
C3	SAA1	9606.ENSP00000245907	9606.ENSP00000384906	0	0	0	0	0.105	0	0	0.374	0.415
C3	IFNA1	9606.ENSP00000245907	9606.ENSP00000276927	0	0	0	0	0	0	0	0.418	0.418
C3	MYD88	9606.ENSP00000245907	9606.ENSP00000498321	0	0	0	0	0.042	0	0	0.418	0.419
C3	IL17A	9606.ENSP00000245907	9606.ENSP00000497968	0	0	0	0	0	0	0	0.447	0.447
C3	SAA2	9606.ENSP00000245907	9606.ENSP00000436126	0	0	0	0	0.221	0	0	0.323	0.450
C3	TLR4	9606.ENSP00000245907	9606.ENSP00000363089	0	0	0	0	0.048	0	0	0.507	0.510
C3	MMP7	9606.ENSP00000245907	9606.ENSP00000260227	0	0	0	0	0.109	0	0	0.479	0.516
C3	CD8A	9606.ENSP00000245907	9606.ENSP00000386559	0	0	0	0	0.053	0	0	0.543	0.548
C3	MMP9	9606.ENSP00000245907	9606.ENSP00000361405	0	0	0	0	0.075	0	0	0.594	0.609
C3	PLAUR	9606.ENSP00000245907	9606.ENSP00000339328	0	0	0	0	0.074	0	0.540	0.157	0.609
C3	TNF	9606.ENSP00000245907	9606.ENSP00000398698	0	0	0	0	0.042	0	0	0.621	0.621
C3	FN1	9606.ENSP00000245907	9606.ENSP00000346839	0	0	0	0	0.108	0.096	0	0.570	0.623
C3	IL1B	9606.ENSP00000245907	9606.ENSP00000263341	0	0	0	0	0.105	0	0	0.640	0.664
C3	IL6	9606.ENSP00000245907	9606.ENSP00000385675	0	0	0	0	0.084	0	0	0.651	0.666
C3	ICAM1	9606.ENSP00000245907	9606.ENSP00000264832	0	0	0	0	0.169	0	0	0.660	0.705
C3	PLAU	9606.ENSP00000245907	9606.ENSP00000361850	0	0	0	0	0.056	0.127	0.540	0.319	0.707
C3	IL10	9606.ENSP00000245907	9606.ENSP00000412237	0	0	0	0	0.098	0	0	0.712	0.729
C3	ORM1	9606.ENSP00000245907	9606.ENSP00000259396	0	0	0	0	0.107	0	0	0.759	0.775
C3	CXCL8	9606.ENSP00000245907	9606.ENSP00000306512	0	0	0	0	0.076	0	0.500	0.570	0.783
C3	HP	9606.ENSP00000245907	9606.ENSP00000348170	0	0	0	0	0.214	0.123	0	0.816	0.862
C3	THBD	9606.ENSP00000245907	9606.ENSP00000366307	0	0	0	0	0.063	0	0.540	0.858	0.933
C3	CRP	9606.ENSP00000245907	9606.ENSP00000255030	0	0	0	0	0.100	0.463	0	0.973	0.985
C3	C4A	9606.ENSP00000245907	9606.ENSP00000396688	0	0	0	0.741	0.174	0	0.900	0.987	0.998
C4A	CD4	9606.ENSP00000396688	9606.ENSP00000011653	0	0	0	0	0.067	0	0	0.440	0.456
C4A	C5	9606.ENSP00000396688	9606.ENSP00000223642	0	0	0	0.684	0.119	0	0.500	0.512	0.766
C4A	CCL2	9606.ENSP00000396688	9606.ENSP00000225831	0	0	0	0	0.092	0	0	0.371	0.404
C4A	VTN	9606.ENSP00000396688	9606.ENSP00000226218	0	0	0	0	0.166	0	0	0.780	0.808
C4A	IFNG	9606.ENSP00000396688	9606.ENSP00000229135	0	0	0	0	0.064	0	0	0.419	0.432
C4A	CRP	9606.ENSP00000396688	9606.ENSP00000255030	0	0	0	0	0.084	0	0	0.777	0.787
C4A	ORM1	9606.ENSP00000396688	9606.ENSP00000259396	0	0	0	0	0.121	0	0	0.394	0.444
C4A	IL1B	9606.ENSP00000396688	9606.ENSP00000263341	0	0	0	0	0.067	0	0	0.476	0.490
C4A	TNC	9606.ENSP00000396688	9606.ENSP00000265131	0	0	0	0	0.070	0	0	0.391	0.409
C4A	FN1	9606.ENSP00000396688	9606.ENSP00000346839	0	0	0	0	0.093	0.096	0	0.396	0.461
C4A	HP	9606.ENSP00000396688	9606.ENSP00000348170	0	0	0	0	0.188	0.123	0	0.764	0.817
C4A	THBD	9606.ENSP00000396688	9606.ENSP00000366307	0	0	0	0	0.058	0	0	0.589	0.596
C4A	IL6	9606.ENSP00000396688	9606.ENSP00000385675	0	0	0	0	0	0	0	0.480	0.480
C4A	IL10	9606.ENSP00000396688	9606.ENSP00000412237	0	0	0	0	0.067	0	0	0.445	0.460
C4A	TNF	9606.ENSP00000396688	9606.ENSP00000398698	0	0	0	0	0	0	0	0.506	0.506
C5	IL1B	9606.ENSP00000223642	9606.ENSP00000263341	0	0	0	0	0.056	0	0	0.402	0.411
C5	TNF	9606.ENSP00000223642	9606.ENSP00000398698	0	0	0	0	0	0	0	0.417	0.417
C5	IL6	9606.ENSP00000223642	9606.ENSP00000385675	0	0	0	0	0	0	0	0.427	0.427
C5	CRP	9606.ENSP00000223642	9606.ENSP00000255030	0	0	0	0	0.118	0	0	0.390	0.439
C5	FN1	9606.ENSP00000223642	9606.ENSP00000346839	0	0	0	0	0.084	0.065	0	0.474	0.510
C5	HP	9606.ENSP00000223642	9606.ENSP00000348170	0	0	0	0	0.136	0.123	0	0.563	0.640
C5	CXCL8	9606.ENSP00000223642	9606.ENSP00000306512	0	0	0	0	0	0	0.500	0.530	0.754
C5	VTN	9606.ENSP00000223642	9606.ENSP00000226218	0	0	0	0	0.219	0	0.500	0.740	0.889
CAT	SOD2	9606.ENSP00000241052	9606.ENSP00000446252	0.098	0	0	0	0.120	0.252	0.792	0.370	0.908
CAT	SOD1	9606.ENSP00000241052	9606.ENSP00000270142	0.115	0	0	0	0.155	0.250	0.792	0.425	0.920
CCL2	CD4	9606.ENSP00000225831	9606.ENSP00000011653	0	0	0	0	0.058	0.099	0	0.825	0.839
CCL2	HMOX1	9606.ENSP00000225831	9606.ENSP00000216117	0	0	0	0	0.127	0	0	0.667	0.697
CCL2	PROCR	9606.ENSP00000225831	9606.ENSP00000216968	0	0	0	0	0.094	0	0	0.669	0.687
CCL2	TIMP1	9606.ENSP00000225831	9606.ENSP00000218388	0	0	0	0	0.357	0	0	0.802	0.867
CCL2	MMP2	9606.ENSP00000225831	9606.ENSP00000219070	0	0	0	0	0.150	0	0	0.667	0.704
CCL2	TGFB1	9606.ENSP00000225831	9606.ENSP00000221930	0	0	0	0	0.086	0	0	0.843	0.851
CCL2	SERPINE1	9606.ENSP00000225831	9606.ENSP00000223095	0	0	0	0	0.259	0	0	0.895	0.918
CCL2	KRAS	9606.ENSP00000225831	9606.ENSP00000256078	0	0	0	0	0.061	0	0	0.398	0.410
CCL2	KEAP1	9606.ENSP00000225831	9606.ENSP00000377245	0	0	0	0	0	0	0	0.412	0.412
CCL2	COL18A1	9606.ENSP00000225831	9606.ENSP00000352798	0	0	0	0	0.062	0	0	0.405	0.418
CCL2	NQO1	9606.ENSP00000225831	9606.ENSP00000319788	0	0	0	0	0	0	0	0.432	0.432
CCL2	SOD1	9606.ENSP00000225831	9606.ENSP00000270142	0	0	0	0	0	0	0	0.433	0.433
CCL2	DEFB4A	9606.ENSP00000225831	9606.ENSP00000303532	0	0	0	0	0.042	0	0	0.434	0.434
CCL2	HP	9606.ENSP00000225831	9606.ENSP00000348170	0	0	0	0	0.044	0	0	0.477	0.478
CCL2	MMP7	9606.ENSP00000225831	9606.ENSP00000260227	0	0	0	0	0.062	0	0	0.479	0.490
CCL2	MTOR	9606.ENSP00000225831	9606.ENSP00000354558	0	0	0	0	0	0	0	0.511	0.511
CCL2	COL3A1	9606.ENSP00000225831	9606.ENSP00000304408	0	0	0	0	0.151	0	0	0.447	0.511
CCL2	VCAN	9606.ENSP00000225831	9606.ENSP00000265077	0	0	0	0	0.067	0.292	0	0.328	0.517
CCL2	PLAUR	9606.ENSP00000225831	9606.ENSP00000339328	0	0	0	0	0.214	0	0	0.417	0.522
CCL2	SOD2	9606.ENSP00000225831	9606.ENSP00000446252	0	0	0	0	0.152	0	0	0.464	0.526
CCL2	MAPK8	9606.ENSP00000225831	9606.ENSP00000378974	0	0	0	0	0	0	0	0.527	0.527
CCL2	ELN	9606.ENSP00000225831	9606.ENSP00000351807	0	0	0	0	0.042	0	0	0.542	0.542
CCL2	IKBKB	9606.ENSP00000225831	9606.ENSP00000430684	0	0	0	0	0.057	0	0	0.586	0.593
CCL2	PLAU	9606.ENSP00000225831	9606.ENSP00000361850	0	0	0	0	0.205	0	0	0.511	0.594
CCL2	COL1A1	9606.ENSP00000225831	9606.ENSP00000225964	0	0	0	0	0.110	0	0	0.573	0.604
CCL2	SAA2	9606.ENSP00000225831	9606.ENSP00000436126	0	0	0	0	0.056	0	0	0.660	0.665
CCL2	FOXP3	9606.ENSP00000225831	9606.ENSP00000365380	0	0	0	0	0	0	0	0.669	0.669
CCL2	THBD	9606.ENSP00000225831	9606.ENSP00000366307	0	0	0	0	0.102	0	0	0.650	0.672
CCL2	SAA1	9606.ENSP00000225831	9606.ENSP00000384906	0	0	0	0	0.062	0	0	0.677	0.684
CCL2	HIF1A	9606.ENSP00000225831	9606.ENSP00000437955	0	0	0	0	0.140	0	0	0.657	0.692
CCL2	TIMP2	9606.ENSP00000225831	9606.ENSP00000262768	0	0	0	0	0.093	0	0	0.700	0.716
CCL2	FN1	9606.ENSP00000225831	9606.ENSP00000346839	0	0	0	0	0.087	0	0	0.709	0.723
CCL2	MMP13	9606.ENSP00000225831	9606.ENSP00000260302	0	0	0	0	0.109	0	0	0.702	0.723
CCL2	MYD88	9606.ENSP00000225831	9606.ENSP00000498321	0	0	0	0	0.115	0	0	0.705	0.728
CCL2	IFNB1	9606.ENSP00000225831	9606.ENSP00000369581	0	0	0	0	0.072	0	0	0.720	0.729
CCL2	PPARG	9606.ENSP00000225831	9606.ENSP00000287820	0	0	0	0	0.088	0	0	0.717	0.731
CCL2	MAPK3	9606.ENSP00000225831	9606.ENSP00000263025	0	0	0	0	0	0	0	0.747	0.747
CCL2	FOS	9606.ENSP00000225831	9606.ENSP00000306245	0	0	0	0	0.106	0	0	0.739	0.756
CCL2	IFNA1	9606.ENSP00000225831	9606.ENSP00000276927	0	0	0	0	0.044	0	0	0.766	0.766
CCL2	CD8A	9606.ENSP00000225831	9606.ENSP00000386559	0	0	0	0	0.086	0	0	0.791	0.800
CCL2	MMP3	9606.ENSP00000225831	9606.ENSP00000299855	0	0	0	0	0.144	0	0	0.783	0.806
CCL2	MMP9	9606.ENSP00000225831	9606.ENSP00000361405	0	0	0	0	0.073	0	0	0.802	0.809
CCL2	CRP	9606.ENSP00000225831	9606.ENSP00000255030	0	0	0	0	0.044	0	0	0.816	0.816
CCL2	TLR4	9606.ENSP00000225831	9606.ENSP00000363089	0	0	0	0	0.130	0	0	0.832	0.847
CCL2	IL2	9606.ENSP00000225831	9606.ENSP00000226730	0	0	0	0	0.049	0	0	0.852	0.853
CCL2	IL5	9606.ENSP00000225831	9606.ENSP00000231454	0	0	0	0	0.042	0	0	0.862	0.862
CCL2	PTGS2	9606.ENSP00000225831	9606.ENSP00000356438	0	0	0	0	0.166	0	0	0.848	0.867
CCL2	STAT3	9606.ENSP00000225831	9606.ENSP00000264657	0	0	0	0	0.104	0	0.500	0.728	0.867
CCL2	IL17A	9606.ENSP00000225831	9606.ENSP00000497968	0	0	0	0	0.042	0	0	0.873	0.874
CCL2	IL4	9606.ENSP00000225831	9606.ENSP00000231449	0	0	0	0	0.045	0	0.400	0.873	0.921
CCL2	ICAM1	9606.ENSP00000225831	9606.ENSP00000264832	0	0	0	0	0.360	0	0	0.892	0.928
CCL2	IL13	9606.ENSP00000225831	9606.ENSP00000304915	0	0	0	0	0.049	0	0.400	0.891	0.932
CCL2	IFNG	9606.ENSP00000225831	9606.ENSP00000229135	0	0	0	0	0.195	0	0	0.926	0.938
CCL2	IL10	9606.ENSP00000225831	9606.ENSP00000412237	0	0	0	0	0.214	0	0.400	0.929	0.963
CCL2	IL1B	9606.ENSP00000225831	9606.ENSP00000263341	0	0	0	0	0.239	0	0.400	0.940	0.970
CCL2	TNF	9606.ENSP00000225831	9606.ENSP00000398698	0	0	0	0	0.311	0	0.400	0.952	0.978
CCL2	JUN	9606.ENSP00000225831	9606.ENSP00000360266	0	0	0	0	0.083	0	0.900	0.800	0.980
CCL2	IL6	9606.ENSP00000225831	9606.ENSP00000385675	0	0	0	0	0.517	0	0.400	0.953	0.985
CCL2	RELA	9606.ENSP00000225831	9606.ENSP00000384273	0	0	0	0	0.113	0.510	0.900	0.745	0.987
CCL2	CXCL8	9606.ENSP00000225831	9606.ENSP00000306512	0	0	0	0	0.487	0.994	0.400	0.948	0.999
CD4	NRAS	9606.ENSP00000011653	9606.ENSP00000358548	0	0	0	0	0	0.071	0	0.396	0.415
CD4	SERPINE1	9606.ENSP00000011653	9606.ENSP00000223095	0	0	0	0	0	0	0	0.415	0.415
CD4	MAPK8	9606.ENSP00000011653	9606.ENSP00000378974	0	0	0	0	0	0.046	0	0.412	0.415
CD4	PROCR	9606.ENSP00000011653	9606.ENSP00000216968	0	0	0.211	0	0	0	0	0.314	0.435
CD4	ELN	9606.ENSP00000011653	9606.ENSP00000351807	0	0	0	0	0.056	0	0	0.431	0.439
CD4	TIMP1	9606.ENSP00000011653	9606.ENSP00000218388	0	0	0	0	0.064	0.045	0	0.447	0.463
CD4	DEFB4A	9606.ENSP00000011653	9606.ENSP00000303532	0	0	0	0	0	0	0	0.477	0.477
CD4	HP	9606.ENSP00000011653	9606.ENSP00000348170	0	0	0	0	0	0.113	0	0.475	0.515
CD4	MMP2	9606.ENSP00000011653	9606.ENSP00000219070	0	0	0	0	0.060	0.092	0	0.480	0.517
CD4	HMOX1	9606.ENSP00000011653	9606.ENSP00000216117	0	0	0	0	0.060	0	0	0.509	0.519
CD4	IKBKB	9606.ENSP00000011653	9606.ENSP00000430684	0	0	0	0	0.044	0.081	0	0.506	0.528
CD4	RELA	9606.ENSP00000011653	9606.ENSP00000384273	0	0	0	0	0.043	0.107	0	0.512	0.546
CD4	VTN	9606.ENSP00000011653	9606.ENSP00000226218	0	0	0	0	0.042	0.092	0	0.546	0.570
CD4	PPARG	9606.ENSP00000011653	9606.ENSP00000287820	0	0	0	0	0	0.048	0	0.581	0.584
CD4	KRAS	9606.ENSP00000011653	9606.ENSP00000256078	0	0	0	0	0	0.071	0	0.576	0.589
CD4	MAPK1	9606.ENSP00000011653	9606.ENSP00000215832	0	0	0	0	0	0	0	0.594	0.594
CD4	PTGS2	9606.ENSP00000011653	9606.ENSP00000356438	0	0	0	0	0.061	0	0	0.607	0.615
CD4	HIF1A	9606.ENSP00000011653	9606.ENSP00000437955	0	0	0	0	0	0	0	0.622	0.622
CD4	JUN	9606.ENSP00000011653	9606.ENSP00000360266	0	0	0	0	0.045	0	0	0.625	0.626
CD4	THBD	9606.ENSP00000011653	9606.ENSP00000366307	0	0	0	0	0.068	0.107	0	0.596	0.634
CD4	MTOR	9606.ENSP00000011653	9606.ENSP00000354558	0	0	0	0	0	0	0	0.635	0.635
CD4	MMP3	9606.ENSP00000011653	9606.ENSP00000299855	0	0	0	0	0	0.092	0	0.640	0.659
CD4	FOS	9606.ENSP00000011653	9606.ENSP00000306245	0	0	0	0	0.044	0	0	0.662	0.663
CD4	MMP9	9606.ENSP00000011653	9606.ENSP00000361405	0	0	0	0	0.109	0.092	0	0.661	0.701
CD4	MAPK3	9606.ENSP00000011653	9606.ENSP00000263025	0	0	0	0	0.044	0	0	0.710	0.710
CD4	CRP	9606.ENSP00000011653	9606.ENSP00000255030	0	0	0	0	0	0	0	0.790	0.790
CD4	IFNB1	9606.ENSP00000011653	9606.ENSP00000369581	0	0	0	0	0	0	0	0.845	0.845
CD4	MYD88	9606.ENSP00000011653	9606.ENSP00000498321	0	0	0	0	0.067	0.069	0	0.842	0.850
CD4	CXCL8	9606.ENSP00000011653	9606.ENSP00000306512	0	0	0	0	0.047	0	0	0.860	0.861
CD4	TGFB1	9606.ENSP00000011653	9606.ENSP00000221930	0	0	0	0	0.072	0	0	0.866	0.870
CD4	IFNA1	9606.ENSP00000011653	9606.ENSP00000276927	0	0	0	0	0	0	0	0.887	0.887
CD4	STAT3	9606.ENSP00000011653	9606.ENSP00000264657	0	0	0	0	0.073	0.091	0	0.882	0.892
CD4	TLR4	9606.ENSP00000011653	9606.ENSP00000363089	0	0	0	0	0.128	0.097	0	0.886	0.902
CD4	FN1	9606.ENSP00000011653	9606.ENSP00000346839	0	0	0	0	0	0.092	0	0.912	0.916
CD4	IL5	9606.ENSP00000011653	9606.ENSP00000231454	0	0	0	0	0	0	0	0.930	0.930
CD4	IL13	9606.ENSP00000011653	9606.ENSP00000304915	0	0	0	0	0	0	0	0.931	0.931
CD4	IL1B	9606.ENSP00000011653	9606.ENSP00000263341	0	0	0.238	0	0.108	0	0	0.944	0.958
CD4	IL6	9606.ENSP00000011653	9606.ENSP00000385675	0	0	0	0	0	0	0	0.966	0.966
CD4	TNF	9606.ENSP00000011653	9606.ENSP00000398698	0	0	0	0	0.092	0	0	0.966	0.968
CD4	ICAM1	9606.ENSP00000011653	9606.ENSP00000264832	0	0	0	0	0.062	0	0	0.968	0.969
CD4	IL4	9606.ENSP00000011653	9606.ENSP00000231449	0	0	0	0	0	0	0	0.970	0.970
CD4	IL17A	9606.ENSP00000011653	9606.ENSP00000497968	0	0	0	0	0	0	0	0.972	0.972
CD4	IL2	9606.ENSP00000011653	9606.ENSP00000226730	0	0	0	0	0.052	0	0	0.975	0.975
CD4	IL10	9606.ENSP00000011653	9606.ENSP00000412237	0	0	0	0	0.094	0	0	0.974	0.976
CD4	FOXP3	9606.ENSP00000011653	9606.ENSP00000365380	0	0	0	0	0.072	0.047	0	0.979	0.979
CD4	IFNG	9606.ENSP00000011653	9606.ENSP00000229135	0	0	0	0	0.094	0	0	0.991	0.991
CD4	CD8A	9606.ENSP00000011653	9606.ENSP00000386559	0	0	0	0	0.130	0.098	0.900	0.993	0.999
CD8A	MAPK1	9606.ENSP00000386559	9606.ENSP00000215832	0	0	0	0	0	0	0	0.542	0.542
CD8A	HMOX1	9606.ENSP00000386559	9606.ENSP00000216117	0	0	0	0	0.044	0	0	0.657	0.658
CD8A	TIMP1	9606.ENSP00000386559	9606.ENSP00000218388	0	0	0	0	0.042	0	0	0.418	0.418
CD8A	MMP2	9606.ENSP00000386559	9606.ENSP00000219070	0	0	0	0	0	0	0	0.505	0.505
CD8A	TGFB1	9606.ENSP00000386559	9606.ENSP00000221930	0	0	0	0	0.042	0	0	0.796	0.796
CD8A	IL2	9606.ENSP00000386559	9606.ENSP00000226730	0	0	0	0	0.056	0	0	0.971	0.971
CD8A	IFNG	9606.ENSP00000386559	9606.ENSP00000229135	0	0	0	0	0.322	0	0	0.987	0.990
CD8A	IL4	9606.ENSP00000386559	9606.ENSP00000231449	0	0	0	0	0.042	0	0	0.947	0.947
CD8A	IL5	9606.ENSP00000386559	9606.ENSP00000231454	0	0	0	0	0	0	0	0.865	0.865
CD8A	CRP	9606.ENSP00000386559	9606.ENSP00000255030	0	0	0	0	0	0	0	0.766	0.766
CD8A	KRAS	9606.ENSP00000386559	9606.ENSP00000256078	0	0	0	0	0.057	0	0	0.646	0.651
CD8A	MAPK3	9606.ENSP00000386559	9606.ENSP00000263025	0	0	0	0	0	0	0	0.580	0.580
CD8A	IL1B	9606.ENSP00000386559	9606.ENSP00000263341	0	0	0	0	0.060	0	0	0.920	0.922
CD8A	PIK3CA	9606.ENSP00000386559	9606.ENSP00000263967	0	0	0	0	0.082	0	0	0.479	0.501
CD8A	STAT3	9606.ENSP00000386559	9606.ENSP00000264657	0	0	0	0	0.048	0	0	0.838	0.839
CD8A	ICAM1	9606.ENSP00000386559	9606.ENSP00000264832	0	0	0	0	0.044	0	0	0.842	0.842
CD8A	IFNA1	9606.ENSP00000386559	9606.ENSP00000276927	0	0	0	0	0	0	0	0.890	0.890
CD8A	PPARG	9606.ENSP00000386559	9606.ENSP00000287820	0	0	0	0	0	0	0	0.507	0.507
CD8A	IL13	9606.ENSP00000386559	9606.ENSP00000304915	0	0	0	0	0	0	0	0.854	0.854
CD8A	FOS	9606.ENSP00000386559	9606.ENSP00000306245	0	0	0	0	0.057	0	0	0.477	0.486
CD8A	CXCL8	9606.ENSP00000386559	9606.ENSP00000306512	0	0	0	0	0.043	0	0	0.844	0.844
CD8A	FN1	9606.ENSP00000386559	9606.ENSP00000346839	0	0	0	0	0	0	0	0.753	0.753
CD8A	HP	9606.ENSP00000386559	9606.ENSP00000348170	0	0	0	0	0	0	0	0.402	0.402
CD8A	ELN	9606.ENSP00000386559	9606.ENSP00000351807	0	0	0	0	0.048	0	0	0.398	0.402
CD8A	MTOR	9606.ENSP00000386559	9606.ENSP00000354558	0	0	0	0	0	0	0	0.620	0.620
CD8A	PTGS2	9606.ENSP00000386559	9606.ENSP00000356438	0	0	0	0	0	0	0	0.581	0.581
CD8A	NRAS	9606.ENSP00000386559	9606.ENSP00000358548	0	0	0	0	0.057	0	0	0.447	0.456
CD8A	JUN	9606.ENSP00000386559	9606.ENSP00000360266	0	0	0	0	0	0	0	0.583	0.583
CD8A	MMP9	9606.ENSP00000386559	9606.ENSP00000361405	0	0	0	0	0.090	0	0	0.621	0.640
CD8A	TLR4	9606.ENSP00000386559	9606.ENSP00000363089	0	0	0	0	0.093	0	0	0.839	0.847
CD8A	FOXP3	9606.ENSP00000386559	9606.ENSP00000365380	0	0	0	0	0.094	0	0	0.946	0.948
CD8A	THBD	9606.ENSP00000386559	9606.ENSP00000366307	0	0	0	0	0.057	0	0	0.730	0.734
CD8A	IFNB1	9606.ENSP00000386559	9606.ENSP00000369581	0	0	0	0	0	0	0	0.771	0.771
CD8A	RELA	9606.ENSP00000386559	9606.ENSP00000384273	0	0	0	0	0.042	0	0	0.448	0.448
CD8A	IL6	9606.ENSP00000386559	9606.ENSP00000385675	0	0	0	0	0.042	0	0	0.930	0.930
CD8A	IKBKB	9606.ENSP00000386559	9606.ENSP00000430684	0	0	0	0	0.044	0.045	0	0.448	0.452
CD8A	HIF1A	9606.ENSP00000386559	9606.ENSP00000437955	0	0	0	0	0	0	0	0.644	0.644
CD8A	IL17A	9606.ENSP00000386559	9606.ENSP00000497968	0	0	0	0	0	0	0	0.936	0.936
CD8A	MYD88	9606.ENSP00000386559	9606.ENSP00000498321	0	0	0	0	0.065	0	0	0.940	0.942
CD8A	IL10	9606.ENSP00000386559	9606.ENSP00000412237	0	0	0	0	0.105	0	0	0.955	0.958
CD8A	TNF	9606.ENSP00000386559	9606.ENSP00000398698	0	0	0	0	0.073	0	0	0.957	0.958
COL18A1	TIMP1	9606.ENSP00000352798	9606.ENSP00000218388	0	0	0	0	0.067	0	0	0.529	0.541
COL18A1	MMP2	9606.ENSP00000352798	9606.ENSP00000219070	0	0	0	0	0.115	0.503	0.750	0.687	0.960
COL18A1	TGFB1	9606.ENSP00000352798	9606.ENSP00000221930	0	0	0	0	0.072	0	0	0.447	0.464
COL18A1	SERPINE1	9606.ENSP00000352798	9606.ENSP00000223095	0	0	0	0	0.074	0	0	0.418	0.438
COL18A1	COL1A1	9606.ENSP00000352798	9606.ENSP00000225964	0	0	0.111	0.615	0.149	0.292	0.400	0.273	0.724
COL18A1	VTN	9606.ENSP00000352798	9606.ENSP00000226218	0	0	0	0	0.068	0	0	0.745	0.752
COL18A1	IFNG	9606.ENSP00000352798	9606.ENSP00000229135	0	0	0	0	0	0	0	0.589	0.589
COL18A1	CRP	9606.ENSP00000352798	9606.ENSP00000255030	0	0	0	0	0	0.221	0	0.298	0.429
COL18A1	MMP7	9606.ENSP00000352798	9606.ENSP00000260227	0	0	0	0	0.057	0	0.400	0.417	0.641
COL18A1	MMP13	9606.ENSP00000352798	9606.ENSP00000260302	0	0	0	0	0.044	0	0.750	0.269	0.810
COL18A1	TIMP2	9606.ENSP00000352798	9606.ENSP00000262768	0	0	0	0	0.086	0	0	0.447	0.472
COL18A1	MMP3	9606.ENSP00000352798	9606.ENSP00000299855	0	0	0	0	0.051	0	0.400	0.624	0.767
COL18A1	COL3A1	9606.ENSP00000352798	9606.ENSP00000304408	0	0	0.116	0.619	0.105	0	0.400	0.178	0.558
COL18A1	CXCL8	9606.ENSP00000352798	9606.ENSP00000306512	0	0	0	0	0.042	0	0	0.638	0.638
COL18A1	FN1	9606.ENSP00000352798	9606.ENSP00000346839	0	0	0	0	0.163	0	0	0.815	0.838
COL18A1	ELN	9606.ENSP00000352798	9606.ENSP00000351807	0	0	0	0	0.118	0	0	0.449	0.493
COL18A1	IL6	9606.ENSP00000352798	9606.ENSP00000385675	0	0	0	0	0.042	0	0	0.419	0.419
COL18A1	PLAU	9606.ENSP00000352798	9606.ENSP00000361850	0	0	0	0	0.074	0	0	0.418	0.438
COL18A1	TNF	9606.ENSP00000352798	9606.ENSP00000398698	0	0	0	0	0	0	0	0.443	0.443
COL18A1	HIF1A	9606.ENSP00000352798	9606.ENSP00000437955	0	0	0	0	0.053	0	0	0.507	0.513
COL18A1	LAMA1	9606.ENSP00000352798	9606.ENSP00000374309	0	0	0	0	0	0.292	0.500	0.427	0.779
COL18A1	MMP9	9606.ENSP00000352798	9606.ENSP00000361405	0	0	0	0	0.110	0.238	0.750	0.588	0.920
COL1A1	TIMP1	9606.ENSP00000225964	9606.ENSP00000218388	0	0	0	0	0.175	0	0	0.817	0.842
COL1A1	MMP2	9606.ENSP00000225964	9606.ENSP00000219070	0	0	0	0	0.403	0.298	0	0.623	0.828
COL1A1	TGFB1	9606.ENSP00000225964	9606.ENSP00000221930	0	0	0	0	0.047	0.095	0	0.789	0.802
COL1A1	SERPINE1	9606.ENSP00000225964	9606.ENSP00000223095	0	0	0	0	0.155	0.051	0	0.590	0.643
COL1A1	RXRA	9606.ENSP00000225964	9606.ENSP00000419692	0	0	0	0	0	0.318	0	0.163	0.405
COL1A1	IFNG	9606.ENSP00000225964	9606.ENSP00000229135	0	0	0	0	0.068	0	0	0.390	0.407
COL1A1	CXCL8	9606.ENSP00000225964	9606.ENSP00000306512	0	0	0	0	0.055	0	0	0.399	0.408
COL1A1	PLAU	9606.ENSP00000225964	9606.ENSP00000361850	0	0	0	0	0.113	0.051	0	0.357	0.411
COL1A1	VTN	9606.ENSP00000225964	9606.ENSP00000226218	0	0	0	0	0.052	0.050	0	0.409	0.422
COL1A1	IL10	9606.ENSP00000225964	9606.ENSP00000412237	0	0	0	0	0.069	0	0	0.406	0.424
COL1A1	STAT3	9606.ENSP00000225964	9606.ENSP00000264657	0	0	0	0	0.047	0	0	0.428	0.432
COL1A1	LAMA1	9606.ENSP00000225964	9606.ENSP00000374309	0	0	0	0	0.070	0.046	0	0.432	0.452
COL1A1	MAPK3	9606.ENSP00000225964	9606.ENSP00000263025	0	0	0	0	0.055	0.052	0	0.438	0.453
COL1A1	HIF1A	9606.ENSP00000225964	9606.ENSP00000437955	0	0	0	0	0.056	0	0	0.450	0.459
COL1A1	IL4	9606.ENSP00000225964	9606.ENSP00000231449	0	0	0	0	0	0	0	0.555	0.555
COL1A1	VCAN	9606.ENSP00000225964	9606.ENSP00000265077	0	0	0	0	0.149	0.091	0	0.507	0.585
COL1A1	IL1B	9606.ENSP00000225964	9606.ENSP00000263341	0	0	0	0	0	0	0	0.596	0.596
COL1A1	TNF	9606.ENSP00000225964	9606.ENSP00000398698	0	0	0	0	0	0.078	0	0.582	0.598
COL1A1	PPARG	9606.ENSP00000225964	9606.ENSP00000287820	0	0	0	0	0	0.077	0	0.588	0.604
COL1A1	TIMP2	9606.ENSP00000225964	9606.ENSP00000262768	0	0	0	0	0.128	0	0	0.582	0.620
COL1A1	PTGS2	9606.ENSP00000225964	9606.ENSP00000356438	0	0	0	0	0.048	0.046	0	0.621	0.626
COL1A1	IL6	9606.ENSP00000225964	9606.ENSP00000385675	0	0	0	0	0.063	0	0	0.621	0.630
COL1A1	MMP7	9606.ENSP00000225964	9606.ENSP00000260227	0	0	0	0	0.103	0.050	0	0.639	0.665
COL1A1	JUN	9606.ENSP00000225964	9606.ENSP00000360266	0	0	0	0	0.057	0.091	0	0.642	0.667
COL1A1	FOS	9606.ENSP00000225964	9606.ENSP00000306245	0	0	0	0	0.050	0.064	0	0.658	0.669
COL1A1	MMP3	9606.ENSP00000225964	9606.ENSP00000299855	0	0	0	0	0.209	0.050	0	0.605	0.678
COL1A1	MMP13	9606.ENSP00000225964	9606.ENSP00000260302	0	0	0	0	0.099	0.050	0	0.680	0.702
COL1A1	MMP9	9606.ENSP00000225964	9606.ENSP00000361405	0	0	0	0	0.089	0.050	0	0.830	0.840
COL1A1	ELN	9606.ENSP00000225964	9606.ENSP00000351807	0	0	0	0	0.213	0	0	0.849	0.876
COL1A1	FBN1	9606.ENSP00000225964	9606.ENSP00000325527	0	0	0	0	0.517	0.099	0	0.851	0.929
COL1A1	FN1	9606.ENSP00000225964	9606.ENSP00000346839	0	0	0	0	0.335	0.594	0	0.912	0.974
COL1A1	COL3A1	9606.ENSP00000225964	9606.ENSP00000304408	0	0	0.065	0.950	0.958	0	0.900	0.965	0.999
COL3A1	TIMP1	9606.ENSP00000304408	9606.ENSP00000218388	0	0	0	0	0.139	0	0	0.642	0.678
COL3A1	MMP2	9606.ENSP00000304408	9606.ENSP00000219070	0	0	0	0	0.363	0.050	0	0.694	0.799
COL3A1	TGFB1	9606.ENSP00000304408	9606.ENSP00000221930	0	0	0	0	0.044	0.067	0	0.740	0.748
COL3A1	SERPINE1	9606.ENSP00000304408	9606.ENSP00000223095	0	0	0	0	0.113	0.051	0	0.462	0.507
COL3A1	IL4	9606.ENSP00000304408	9606.ENSP00000231449	0	0	0	0	0	0	0	0.428	0.428
COL3A1	MMP7	9606.ENSP00000304408	9606.ENSP00000260227	0	0	0	0	0.136	0.050	0	0.600	0.643
COL3A1	MMP13	9606.ENSP00000304408	9606.ENSP00000260302	0	0	0	0	0.096	0.050	0	0.514	0.546
COL3A1	TIMP2	9606.ENSP00000304408	9606.ENSP00000262768	0	0	0	0	0.100	0	0	0.523	0.552
COL3A1	IL1B	9606.ENSP00000304408	9606.ENSP00000263341	0	0	0	0	0	0	0	0.467	0.467
COL3A1	VCAN	9606.ENSP00000304408	9606.ENSP00000265077	0	0	0	0	0.144	0.091	0	0.672	0.722
COL3A1	MMP3	9606.ENSP00000304408	9606.ENSP00000299855	0	0	0	0	0.165	0.050	0	0.572	0.631
COL3A1	TNF	9606.ENSP00000304408	9606.ENSP00000398698	0	0	0	0	0.042	0.096	0	0.420	0.454
COL3A1	IL6	9606.ENSP00000304408	9606.ENSP00000385675	0	0	0	0	0.060	0	0	0.491	0.501
COL3A1	PTGS2	9606.ENSP00000304408	9606.ENSP00000356438	0	0	0	0	0.054	0.046	0	0.533	0.542
COL3A1	LAMA1	9606.ENSP00000304408	9606.ENSP00000374309	0	0	0	0	0.042	0.046	0	0.541	0.544
COL3A1	JUN	9606.ENSP00000304408	9606.ENSP00000360266	0	0	0	0	0.059	0.091	0	0.562	0.593
COL3A1	MMP9	9606.ENSP00000304408	9606.ENSP00000361405	0	0	0	0	0.091	0.050	0	0.728	0.745
COL3A1	ELN	9606.ENSP00000304408	9606.ENSP00000351807	0	0	0	0	0.187	0	0	0.850	0.872
COL3A1	FN1	9606.ENSP00000304408	9606.ENSP00000346839	0	0	0	0	0.447	0.050	0	0.874	0.928
COL3A1	FBN1	9606.ENSP00000304408	9606.ENSP00000325527	0	0	0	0	0.555	0.099	0	0.931	0.970
CRP	HMOX1	9606.ENSP00000255030	9606.ENSP00000216117	0	0	0	0	0	0	0	0.474	0.474
CRP	PROCR	9606.ENSP00000255030	9606.ENSP00000216968	0	0	0	0	0	0	0	0.562	0.562
CRP	TIMP1	9606.ENSP00000255030	9606.ENSP00000218388	0	0	0	0	0	0	0	0.571	0.571
CRP	MMP2	9606.ENSP00000255030	9606.ENSP00000219070	0	0	0	0	0.059	0	0	0.658	0.664
CRP	TGFB1	9606.ENSP00000255030	9606.ENSP00000221930	0	0	0	0	0	0	0	0.573	0.573
CRP	SERPINE1	9606.ENSP00000255030	9606.ENSP00000223095	0	0	0	0	0.056	0	0	0.790	0.793
CRP	VTN	9606.ENSP00000255030	9606.ENSP00000226218	0	0	0	0	0.217	0	0	0.567	0.646
CRP	IL2	9606.ENSP00000255030	9606.ENSP00000226730	0	0	0	0	0.100	0	0	0.764	0.778
CRP	IFNG	9606.ENSP00000255030	9606.ENSP00000229135	0	0	0	0	0.042	0	0	0.798	0.798
CRP	IL4	9606.ENSP00000255030	9606.ENSP00000231449	0	0	0	0	0.085	0	0	0.814	0.822
CRP	IL5	9606.ENSP00000255030	9606.ENSP00000231454	0	0	0	0	0.099	0	0	0.605	0.629
CRP	TFPI	9606.ENSP00000255030	9606.ENSP00000233156	0	0	0	0	0.055	0	0	0.418	0.426
CRP	PLAU	9606.ENSP00000255030	9606.ENSP00000361850	0	0	0	0	0.053	0	0	0.404	0.411
CRP	HIF1A	9606.ENSP00000255030	9606.ENSP00000437955	0	0	0	0	0	0	0	0.417	0.416
CRP	MTOR	9606.ENSP00000255030	9606.ENSP00000354558	0	0	0	0	0	0	0	0.418	0.418
CRP	MAPK3	9606.ENSP00000255030	9606.ENSP00000263025	0	0	0	0	0	0.138	0	0.354	0.419
CRP	JUN	9606.ENSP00000255030	9606.ENSP00000360266	0	0	0	0	0	0	0	0.451	0.451
CRP	ELN	9606.ENSP00000255030	9606.ENSP00000351807	0	0	0	0	0	0	0	0.475	0.475
CRP	IFNB1	9606.ENSP00000255030	9606.ENSP00000369581	0	0	0	0	0	0	0	0.514	0.514
CRP	FOXP3	9606.ENSP00000255030	9606.ENSP00000365380	0	0	0	0	0.103	0	0	0.506	0.538
CRP	STAT3	9606.ENSP00000255030	9606.ENSP00000264657	0	0	0	0	0.048	0	0	0.571	0.574
CRP	PPARG	9606.ENSP00000255030	9606.ENSP00000287820	0	0	0	0	0	0	0	0.578	0.578
CRP	PTGS2	9606.ENSP00000255030	9606.ENSP00000356438	0	0	0	0	0	0	0	0.596	0.596
CRP	MYD88	9606.ENSP00000255030	9606.ENSP00000498321	0	0	0	0	0	0	0	0.598	0.598
CRP	IL13	9606.ENSP00000255030	9606.ENSP00000304915	0	0	0	0	0.087	0	0	0.605	0.623
CRP	MMP3	9606.ENSP00000255030	9606.ENSP00000299855	0	0	0	0	0.059	0	0	0.624	0.631
CRP	IFNA1	9606.ENSP00000255030	9606.ENSP00000276927	0	0	0	0	0.042	0	0	0.642	0.642
CRP	TLR4	9606.ENSP00000255030	9606.ENSP00000363089	0	0	0	0	0.045	0	0	0.673	0.674
CRP	IL17A	9606.ENSP00000255030	9606.ENSP00000497968	0	0	0	0	0.124	0	0	0.728	0.751
CRP	THBD	9606.ENSP00000255030	9606.ENSP00000366307	0	0	0	0	0	0	0	0.753	0.753
CRP	ICAM1	9606.ENSP00000255030	9606.ENSP00000264832	0	0	0	0	0	0	0	0.789	0.789
CRP	MMP9	9606.ENSP00000255030	9606.ENSP00000361405	0	0	0	0	0.059	0	0	0.803	0.806
CRP	SAA2	9606.ENSP00000255030	9606.ENSP00000436126	0	0	0	0	0.235	0	0	0.763	0.811
CRP	SAA1	9606.ENSP00000255030	9606.ENSP00000384906	0	0	0	0	0.142	0	0	0.837	0.854
CRP	CXCL8	9606.ENSP00000255030	9606.ENSP00000306512	0	0	0	0	0.043	0	0	0.874	0.874
CRP	IL10	9606.ENSP00000255030	9606.ENSP00000412237	0	0	0	0	0.086	0	0	0.872	0.878
CRP	IL1B	9606.ENSP00000255030	9606.ENSP00000263341	0	0	0	0	0.067	0	0	0.883	0.886
CRP	ORM1	9606.ENSP00000255030	9606.ENSP00000259396	0	0	0	0	0.090	0	0	0.881	0.887
CRP	FN1	9606.ENSP00000255030	9606.ENSP00000346839	0	0	0	0	0.059	0.292	0	0.855	0.894
CRP	HP	9606.ENSP00000255030	9606.ENSP00000348170	0	0	0	0	0.116	0	0	0.893	0.902
CRP	TNF	9606.ENSP00000255030	9606.ENSP00000398698	0	0	0	0	0	0	0	0.938	0.938
CRP	IL6	9606.ENSP00000255030	9606.ENSP00000385675	0	0	0	0	0.047	0	0	0.968	0.968
CXCL8	MAPK1	9606.ENSP00000306512	9606.ENSP00000215832	0	0	0	0	0.044	0	0	0.735	0.735
CXCL8	HMOX1	9606.ENSP00000306512	9606.ENSP00000216117	0	0	0	0	0.076	0	0	0.608	0.622
CXCL8	TIMP1	9606.ENSP00000306512	9606.ENSP00000218388	0	0	0	0	0.086	0	0	0.770	0.780
CXCL8	MMP2	9606.ENSP00000306512	9606.ENSP00000219070	0	0	0	0	0.042	0	0	0.814	0.814
CXCL8	TGFB1	9606.ENSP00000306512	9606.ENSP00000221930	0	0	0	0	0.085	0	0	0.765	0.775
CXCL8	SERPINE1	9606.ENSP00000306512	9606.ENSP00000223095	0	0	0	0	0.182	0	0	0.691	0.736
CXCL8	IL2	9606.ENSP00000306512	9606.ENSP00000226730	0	0	0	0	0.048	0	0	0.985	0.985
CXCL8	IFNG	9606.ENSP00000306512	9606.ENSP00000229135	0	0	0.281	0	0.152	0	0	0.942	0.961
CXCL8	IL4	9606.ENSP00000306512	9606.ENSP00000231449	0	0	0	0	0.049	0	0.400	0.996	0.997
CXCL8	IL5	9606.ENSP00000306512	9606.ENSP00000231454	0	0	0	0	0	0	0	0.932	0.932
CXCL8	KRAS	9606.ENSP00000306512	9606.ENSP00000256078	0	0	0	0	0	0	0	0.448	0.448
CXCL8	MMP7	9606.ENSP00000306512	9606.ENSP00000260227	0	0	0	0	0.097	0	0	0.542	0.568
CXCL8	MMP13	9606.ENSP00000306512	9606.ENSP00000260302	0	0	0	0	0.063	0	0	0.726	0.732
CXCL8	TIMP2	9606.ENSP00000306512	9606.ENSP00000262768	0	0	0	0	0	0	0	0.648	0.648
CXCL8	MAPK3	9606.ENSP00000306512	9606.ENSP00000263025	0	0	0	0	0	0	0	0.661	0.661
CXCL8	IL1B	9606.ENSP00000306512	9606.ENSP00000263341	0	0	0	0	0.776	0	0.400	0.962	0.994
CXCL8	STAT3	9606.ENSP00000306512	9606.ENSP00000264657	0	0	0	0	0.066	0	0.500	0.720	0.857
CXCL8	ICAM1	9606.ENSP00000306512	9606.ENSP00000264832	0	0	0	0	0.259	0	0	0.927	0.943
CXCL8	IFNA1	9606.ENSP00000306512	9606.ENSP00000276927	0	0	0	0	0.055	0	0	0.774	0.777
CXCL8	PPARG	9606.ENSP00000306512	9606.ENSP00000287820	0	0	0	0	0	0	0	0.583	0.583
CXCL8	MMP3	9606.ENSP00000306512	9606.ENSP00000299855	0	0	0	0	0.127	0	0	0.804	0.821
CXCL8	DEFB4A	9606.ENSP00000306512	9606.ENSP00000303532	0	0	0	0	0.106	0	0	0.670	0.692
CXCL8	IL13	9606.ENSP00000306512	9606.ENSP00000304915	0	0	0	0	0.049	0	0.400	0.904	0.940
CXCL8	FOS	9606.ENSP00000306512	9606.ENSP00000306245	0	0	0	0	0.179	0	0	0.726	0.765
CXCL8	KEAP1	9606.ENSP00000306512	9606.ENSP00000377245	0	0	0	0	0	0	0	0.411	0.410
CXCL8	MTOR	9606.ENSP00000306512	9606.ENSP00000354558	0	0	0	0	0	0	0	0.507	0.507
CXCL8	ELN	9606.ENSP00000306512	9606.ENSP00000351807	0	0	0	0	0	0	0	0.507	0.507
CXCL8	S100A7	9606.ENSP00000306512	9606.ENSP00000357711	0	0	0	0	0.062	0	0	0.507	0.517
CXCL8	HP	9606.ENSP00000306512	9606.ENSP00000348170	0	0	0	0	0.045	0	0	0.546	0.548
CXCL8	SOD2	9606.ENSP00000306512	9606.ENSP00000446252	0	0	0	0	0.261	0	0	0.447	0.573
CXCL8	THBD	9606.ENSP00000306512	9606.ENSP00000366307	0	0	0	0	0.123	0	0	0.542	0.581
CXCL8	IKBKB	9606.ENSP00000306512	9606.ENSP00000430684	0	0	0	0	0	0	0	0.595	0.595
CXCL8	FOXP3	9606.ENSP00000306512	9606.ENSP00000365380	0	0	0	0	0.056	0	0	0.621	0.626
CXCL8	PLAUR	9606.ENSP00000306512	9606.ENSP00000339328	0	0	0	0	0.382	0	0	0.447	0.643
CXCL8	MAPK8	9606.ENSP00000306512	9606.ENSP00000378974	0	0	0	0	0	0	0	0.669	0.669
CXCL8	SAA2	9606.ENSP00000306512	9606.ENSP00000436126	0	0	0	0	0.081	0	0	0.699	0.711
CXCL8	HIF1A	9606.ENSP00000306512	9606.ENSP00000437955	0	0	0	0	0.184	0	0	0.667	0.716
CXCL8	IFNB1	9606.ENSP00000306512	9606.ENSP00000369581	0	0	0	0	0.080	0	0	0.720	0.731
CXCL8	PLAU	9606.ENSP00000306512	9606.ENSP00000361850	0	0	0	0	0.200	0	0	0.719	0.765
CXCL8	MYD88	9606.ENSP00000306512	9606.ENSP00000498321	0	0	0	0	0.087	0	0	0.807	0.816
CXCL8	FN1	9606.ENSP00000306512	9606.ENSP00000346839	0	0	0	0	0.047	0	0	0.846	0.846
CXCL8	SAA1	9606.ENSP00000306512	9606.ENSP00000384906	0	0	0	0	0.067	0	0.500	0.720	0.857
CXCL8	MMP9	9606.ENSP00000306512	9606.ENSP00000361405	0	0	0	0	0.140	0	0	0.867	0.880
CXCL8	IL17A	9606.ENSP00000306512	9606.ENSP00000497968	0	0	0	0	0.060	0	0	0.923	0.924
CXCL8	TLR4	9606.ENSP00000306512	9606.ENSP00000363089	0	0	0	0	0.086	0	0	0.930	0.933
CXCL8	IL10	9606.ENSP00000306512	9606.ENSP00000412237	0	0	0	0	0.147	0	0.400	0.946	0.970
CXCL8	PTGS2	9606.ENSP00000306512	9606.ENSP00000356438	0	0	0	0	0.767	0	0	0.901	0.975
CXCL8	TNF	9606.ENSP00000306512	9606.ENSP00000398698	0	0	0	0	0.294	0	0.400	0.965	0.983
CXCL8	JUN	9606.ENSP00000306512	9606.ENSP00000360266	0	0	0	0	0.203	0.292	0.900	0.802	0.987
CXCL8	IL6	9606.ENSP00000306512	9606.ENSP00000385675	0	0	0	0	0.445	0	0.400	0.976	0.991
CXCL8	RELA	9606.ENSP00000306512	9606.ENSP00000384273	0	0	0	0	0.062	0.785	0.900	0.820	0.995
DEFB4A	IFNG	9606.ENSP00000303532	9606.ENSP00000229135	0	0	0	0	0.042	0	0	0.570	0.570
DEFB4A	IL4	9606.ENSP00000303532	9606.ENSP00000231449	0	0	0	0	0	0	0	0.447	0.447
DEFB4A	IL1B	9606.ENSP00000303532	9606.ENSP00000263341	0	0	0	0	0.067	0	0	0.626	0.636
DEFB4A	IL13	9606.ENSP00000303532	9606.ENSP00000304915	0	0	0	0	0	0	0	0.432	0.432
DEFB4A	MYD88	9606.ENSP00000303532	9606.ENSP00000498321	0	0	0	0	0.048	0	0	0.434	0.438
DEFB4A	IL10	9606.ENSP00000303532	9606.ENSP00000412237	0	0	0	0	0	0	0	0.518	0.518
DEFB4A	RELA	9606.ENSP00000303532	9606.ENSP00000384273	0	0	0	0	0	0	0	0.538	0.538
DEFB4A	TNF	9606.ENSP00000303532	9606.ENSP00000398698	0	0	0	0	0.044	0	0	0.601	0.602
DEFB4A	IL6	9606.ENSP00000303532	9606.ENSP00000385675	0	0	0	0	0.063	0	0	0.599	0.608
DEFB4A	IL17A	9606.ENSP00000303532	9606.ENSP00000497968	0	0	0	0	0.073	0	0	0.608	0.621
DEFB4A	S100A7	9606.ENSP00000303532	9606.ENSP00000357711	0	0	0	0	0.254	0	0	0.889	0.913
DEFB4A	TLR4	9606.ENSP00000303532	9606.ENSP00000363089	0	0	0	0	0.042	0	0	0.986	0.986
ELN	TIMP1	9606.ENSP00000351807	9606.ENSP00000218388	0	0	0	0	0	0	0	0.696	0.696
ELN	MMP2	9606.ENSP00000351807	9606.ENSP00000219070	0	0	0	0	0.146	0	0	0.858	0.873
ELN	TGFB1	9606.ENSP00000351807	9606.ENSP00000221930	0	0	0	0	0.056	0	0	0.839	0.842
ELN	SERPINE1	9606.ENSP00000351807	9606.ENSP00000223095	0	0	0	0	0.055	0	0	0.447	0.455
ELN	VTN	9606.ENSP00000351807	9606.ENSP00000226218	0	0	0	0	0.044	0	0	0.991	0.991
ELN	IFNG	9606.ENSP00000351807	9606.ENSP00000229135	0	0	0	0	0.067	0	0	0.476	0.490
ELN	MMP7	9606.ENSP00000351807	9606.ENSP00000260227	0	0	0	0	0.056	0.292	0	0.604	0.712
ELN	MMP13	9606.ENSP00000351807	9606.ENSP00000260302	0	0	0	0	0.055	0	0	0.710	0.714
ELN	TIMP2	9606.ENSP00000351807	9606.ENSP00000262768	0	0	0	0	0.060	0	0	0.601	0.609
ELN	MAPK3	9606.ENSP00000351807	9606.ENSP00000263025	0	0	0	0	0.042	0	0	0.406	0.406
ELN	IL1B	9606.ENSP00000351807	9606.ENSP00000263341	0	0	0	0	0	0	0	0.597	0.597
ELN	ICAM1	9606.ENSP00000351807	9606.ENSP00000264832	0	0	0	0	0	0	0	0.475	0.475
ELN	VCAN	9606.ENSP00000351807	9606.ENSP00000265077	0	0	0	0	0.056	0.094	0	0.864	0.874
ELN	MMP3	9606.ENSP00000351807	9606.ENSP00000299855	0	0	0	0	0.061	0	0	0.862	0.864
ELN	FBN1	9606.ENSP00000351807	9606.ENSP00000325527	0	0	0	0	0.208	0.622	0	0.999	0.999
ELN	FN1	9606.ENSP00000351807	9606.ENSP00000346839	0	0	0	0	0.062	0	0	0.998	0.998
ELN	PLAU	9606.ENSP00000351807	9606.ENSP00000361850	0	0	0	0	0	0	0	0.400	0.400
ELN	JUN	9606.ENSP00000351807	9606.ENSP00000360266	0	0	0	0	0	0	0	0.421	0.421
ELN	THBD	9606.ENSP00000351807	9606.ENSP00000366307	0	0	0	0	0.044	0.094	0	0.421	0.454
ELN	HIF1A	9606.ENSP00000351807	9606.ENSP00000437955	0	0	0	0	0.060	0	0	0.445	0.455
ELN	IL10	9606.ENSP00000351807	9606.ENSP00000412237	0	0	0	0	0.042	0	0	0.474	0.474
ELN	TNF	9606.ENSP00000351807	9606.ENSP00000398698	0	0	0	0	0.044	0	0	0.591	0.592
ELN	IL6	9606.ENSP00000351807	9606.ENSP00000385675	0	0	0	0	0	0	0	0.602	0.602
ELN	MMP9	9606.ENSP00000351807	9606.ENSP00000361405	0	0	0	0	0.050	0.292	0	0.972	0.979
FBN1	TIMP1	9606.ENSP00000325527	9606.ENSP00000218388	0	0	0	0	0.130	0	0	0.470	0.519
FBN1	MMP2	9606.ENSP00000325527	9606.ENSP00000219070	0	0	0	0	0.479	0	0	0.663	0.817
FBN1	TGFB1	9606.ENSP00000325527	9606.ENSP00000221930	0	0	0	0	0.069	0.058	0	0.877	0.882
FBN1	SERPINE1	9606.ENSP00000325527	9606.ENSP00000223095	0	0	0	0	0.164	0	0	0.348	0.431
FBN1	VTN	9606.ENSP00000325527	9606.ENSP00000226218	0	0	0	0	0.042	0	0	0.806	0.806
FBN1	MMP7	9606.ENSP00000325527	9606.ENSP00000260227	0	0	0	0	0.055	0.052	0	0.530	0.543
FBN1	TIMP2	9606.ENSP00000325527	9606.ENSP00000262768	0	0	0	0	0.112	0	0	0.418	0.461
FBN1	VCAN	9606.ENSP00000325527	9606.ENSP00000265077	0	0	0	0	0.169	0.292	0	0.860	0.910
FBN1	MMP3	9606.ENSP00000325527	9606.ENSP00000299855	0	0	0	0	0.230	0	0	0.605	0.683
FBN1	MMP9	9606.ENSP00000325527	9606.ENSP00000361405	0	0	0	0	0.067	0.050	0	0.736	0.746
FBN1	FN1	9606.ENSP00000325527	9606.ENSP00000346839	0	0	0	0	0.240	0.236	0	0.973	0.982
FN1	MAPK1	9606.ENSP00000346839	9606.ENSP00000215832	0	0	0	0	0	0	0.500	0.455	0.716
FN1	HMOX1	9606.ENSP00000346839	9606.ENSP00000216117	0	0	0	0	0.048	0	0	0.475	0.479
FN1	TIMP1	9606.ENSP00000346839	9606.ENSP00000218388	0	0	0	0	0.087	0.160	0.400	0.913	0.954
FN1	MMP2	9606.ENSP00000346839	9606.ENSP00000219070	0	0	0.104	0.615	0.255	0.240	0	0.577	0.756
FN1	TGFB1	9606.ENSP00000346839	9606.ENSP00000221930	0	0	0	0	0.049	0	0	0.969	0.969
FN1	SERPINE1	9606.ENSP00000346839	9606.ENSP00000223095	0	0	0	0	0.280	0	0	0.720	0.790
FN1	VTN	9606.ENSP00000346839	9606.ENSP00000226218	0	0	0	0	0.067	0	0	0.999	0.999
FN1	IL2	9606.ENSP00000346839	9606.ENSP00000226730	0	0	0	0	0.053	0	0	0.802	0.804
FN1	IFNG	9606.ENSP00000346839	9606.ENSP00000229135	0	0	0	0	0	0	0	0.641	0.641
FN1	IL4	9606.ENSP00000346839	9606.ENSP00000231449	0	0	0	0	0.052	0	0.400	0.737	0.837
FN1	IL5	9606.ENSP00000346839	9606.ENSP00000231454	0	0	0	0	0	0	0	0.431	0.431
FN1	KRAS	9606.ENSP00000346839	9606.ENSP00000256078	0	0	0	0	0	0	0.500	0.480	0.728
FN1	ORM1	9606.ENSP00000346839	9606.ENSP00000259396	0	0	0	0	0.068	0	0	0.560	0.572
FN1	MMP7	9606.ENSP00000346839	9606.ENSP00000260227	0	0	0	0	0.047	0	0	0.777	0.778
FN1	MMP13	9606.ENSP00000346839	9606.ENSP00000260302	0	0	0	0	0.047	0	0	0.742	0.744
FN1	TIMP2	9606.ENSP00000346839	9606.ENSP00000262768	0	0	0	0	0.126	0.160	0	0.640	0.713
FN1	MAPK3	9606.ENSP00000346839	9606.ENSP00000263025	0	0	0	0	0	0	0.500	0.672	0.829
FN1	IL1B	9606.ENSP00000346839	9606.ENSP00000263341	0	0	0	0	0.055	0.051	0	0.866	0.869
FN1	PIK3CA	9606.ENSP00000346839	9606.ENSP00000263967	0	0	0	0	0	0	0.500	0.359	0.665
FN1	STAT3	9606.ENSP00000346839	9606.ENSP00000264657	0	0	0	0	0	0.900	0.500	0.796	0.988
FN1	ICAM1	9606.ENSP00000346839	9606.ENSP00000264832	0	0	0	0	0.055	0	0	0.903	0.904
FN1	VCAN	9606.ENSP00000346839	9606.ENSP00000265077	0	0	0	0	0.099	0	0	0.858	0.866
FN1	TNC	9606.ENSP00000346839	9606.ENSP00000265131	0	0	0	0.584	0.223	0.510	0	0.551	0.814
FN1	SOD1	9606.ENSP00000346839	9606.ENSP00000270142	0	0	0	0	0.053	0	0	0.771	0.773
FN1	IFNA1	9606.ENSP00000346839	9606.ENSP00000276927	0	0	0	0	0	0	0	0.434	0.434
FN1	PPARG	9606.ENSP00000346839	9606.ENSP00000287820	0	0	0	0	0.049	0	0	0.549	0.552
FN1	MMP3	9606.ENSP00000346839	9606.ENSP00000299855	0	0	0	0	0.098	0	0	0.932	0.936
FN1	IL13	9606.ENSP00000346839	9606.ENSP00000304915	0	0	0	0	0.055	0	0.400	0.571	0.735
FN1	FOS	9606.ENSP00000346839	9606.ENSP00000306245	0	0	0	0	0	0	0	0.782	0.782
FN1	PLAUR	9606.ENSP00000346839	9606.ENSP00000339328	0	0	0	0	0.074	0	0	0.686	0.697
FN1	THBD	9606.ENSP00000346839	9606.ENSP00000366307	0	0	0	0	0.044	0	0	0.400	0.401
FN1	RELA	9606.ENSP00000346839	9606.ENSP00000384273	0	0	0	0	0	0.143	0	0.370	0.437
FN1	FOXP3	9606.ENSP00000346839	9606.ENSP00000365380	0	0	0	0	0.052	0	0	0.438	0.444
FN1	LAMA1	9606.ENSP00000346839	9606.ENSP00000374309	0	0	0	0	0.080	0	0	0.426	0.449
FN1	MAPK8	9606.ENSP00000346839	9606.ENSP00000378974	0	0	0	0	0	0	0	0.450	0.450
FN1	MYD88	9606.ENSP00000346839	9606.ENSP00000498321	0	0	0	0	0.055	0	0	0.446	0.454
FN1	MTOR	9606.ENSP00000346839	9606.ENSP00000354558	0	0	0	0	0	0	0	0.509	0.509
FN1	IL17A	9606.ENSP00000346839	9606.ENSP00000497968	0	0	0	0	0.069	0	0	0.521	0.534
FN1	PTGS2	9606.ENSP00000346839	9606.ENSP00000356438	0	0	0	0	0	0	0	0.544	0.544
FN1	SOD2	9606.ENSP00000346839	9606.ENSP00000446252	0	0	0	0	0.044	0	0	0.582	0.583
FN1	JUN	9606.ENSP00000346839	9606.ENSP00000360266	0	0	0	0	0	0	0	0.625	0.625
FN1	NRAS	9606.ENSP00000346839	9606.ENSP00000358548	0	0	0	0	0.047	0	0.500	0.316	0.645
FN1	HP	9606.ENSP00000346839	9606.ENSP00000348170	0	0	0	0	0.062	0	0	0.638	0.646
FN1	RAF1	9606.ENSP00000346839	9606.ENSP00000401888	0	0	0	0	0.055	0	0.500	0.328	0.654
FN1	HIF1A	9606.ENSP00000346839	9606.ENSP00000437955	0	0	0	0	0.075	0.173	0	0.636	0.698
FN1	IL10	9606.ENSP00000346839	9606.ENSP00000412237	0	0	0	0	0	0	0	0.752	0.752
FN1	HRAS	9606.ENSP00000346839	9606.ENSP00000407586	0	0	0	0	0	0	0.500	0.620	0.801
FN1	PLAU	9606.ENSP00000346839	9606.ENSP00000361850	0	0	0	0	0.113	0	0	0.825	0.838
FN1	MMP9	9606.ENSP00000346839	9606.ENSP00000361405	0	0	0	0.601	0.048	0.359	0	0.774	0.850
FN1	IL6	9606.ENSP00000346839	9606.ENSP00000385675	0	0	0	0	0.087	0	0	0.895	0.900
FN1	TNF	9606.ENSP00000346839	9606.ENSP00000398698	0	0	0	0	0.057	0	0	0.970	0.970
FN1	TLR4	9606.ENSP00000346839	9606.ENSP00000363089	0	0	0	0	0.049	0	0	0.995	0.995
FOS	MAPK1	9606.ENSP00000306245	9606.ENSP00000215832	0	0	0	0	0.055	0.450	0.900	0.864	0.992
FOS	HMOX1	9606.ENSP00000306245	9606.ENSP00000216117	0	0	0	0	0.062	0	0	0.521	0.531
FOS	TIMP1	9606.ENSP00000306245	9606.ENSP00000218388	0	0	0	0	0.083	0	0	0.437	0.462
FOS	MMP2	9606.ENSP00000306245	9606.ENSP00000219070	0	0	0	0	0	0	0	0.681	0.681
FOS	TGFB1	9606.ENSP00000306245	9606.ENSP00000221930	0	0	0	0	0	0	0	0.719	0.719
FOS	SERPINE1	9606.ENSP00000306245	9606.ENSP00000223095	0	0	0	0	0.071	0	0	0.463	0.480
FOS	IL2	9606.ENSP00000306245	9606.ENSP00000226730	0	0	0	0	0	0.292	0	0.768	0.828
FOS	IFNG	9606.ENSP00000306245	9606.ENSP00000229135	0	0	0	0	0.124	0	0	0.728	0.751
FOS	IL4	9606.ENSP00000306245	9606.ENSP00000231449	0	0	0	0	0.087	0	0	0.685	0.700
FOS	IL5	9606.ENSP00000306245	9606.ENSP00000231454	0	0	0	0	0.086	0	0	0.575	0.594
FOS	KRAS	9606.ENSP00000306245	9606.ENSP00000256078	0	0	0	0	0.056	0.097	0	0.515	0.550
FOS	MMP7	9606.ENSP00000306245	9606.ENSP00000260227	0	0	0	0	0.042	0.292	0	0.396	0.554
FOS	MMP13	9606.ENSP00000306245	9606.ENSP00000260302	0	0	0	0	0	0	0	0.455	0.455
FOS	MAPK3	9606.ENSP00000306245	9606.ENSP00000263025	0	0	0	0	0.055	0.450	0.900	0.907	0.994
FOS	IL1B	9606.ENSP00000306245	9606.ENSP00000263341	0	0	0	0	0.125	0	0	0.884	0.894
FOS	PIK3CA	9606.ENSP00000306245	9606.ENSP00000263967	0	0	0	0	0	0.124	0	0.589	0.625
FOS	STAT3	9606.ENSP00000306245	9606.ENSP00000264657	0	0	0	0	0.132	0.429	0.500	0.984	0.995
FOS	ICAM1	9606.ENSP00000306245	9606.ENSP00000264832	0	0	0	0	0.092	0	0	0.477	0.505
FOS	PPARG	9606.ENSP00000306245	9606.ENSP00000287820	0	0	0	0	0.083	0.066	0	0.584	0.612
FOS	MMP3	9606.ENSP00000306245	9606.ENSP00000299855	0	0	0	0	0	0	0	0.488	0.488
FOS	IL13	9606.ENSP00000306245	9606.ENSP00000304915	0	0	0	0	0.086	0	0	0.591	0.610
FOS	PLAUR	9606.ENSP00000306245	9606.ENSP00000339328	0	0	0	0	0.120	0	0	0.351	0.405
FOS	PLAU	9606.ENSP00000306245	9606.ENSP00000361850	0	0	0	0	0.085	0	0	0.431	0.457
FOS	GSTP1	9606.ENSP00000306245	9606.ENSP00000381607	0	0	0	0	0.042	0	0	0.459	0.459
FOS	IFNB1	9606.ENSP00000306245	9606.ENSP00000369581	0	0	0	0	0.083	0	0	0.448	0.472
FOS	NRAS	9606.ENSP00000306245	9606.ENSP00000358548	0	0	0	0	0.056	0.097	0	0.440	0.481
FOS	MTOR	9606.ENSP00000306245	9606.ENSP00000354558	0	0	0	0	0.051	0.068	0	0.481	0.501
FOS	IL17A	9606.ENSP00000306245	9606.ENSP00000497968	0	0	0	0	0.051	0	0	0.506	0.511
FOS	RAF1	9606.ENSP00000306245	9606.ENSP00000401888	0	0	0	0	0	0.096	0	0.487	0.517
FOS	PIK3CB	9606.ENSP00000306245	9606.ENSP00000501150	0	0	0	0	0	0	0	0.525	0.525
FOS	NQO1	9606.ENSP00000306245	9606.ENSP00000319788	0	0	0	0	0	0.292	0	0.380	0.542
FOS	MYD88	9606.ENSP00000306245	9606.ENSP00000498321	0	0	0	0	0.089	0.112	0	0.487	0.549
FOS	TLR4	9606.ENSP00000306245	9606.ENSP00000363089	0	0	0	0	0.054	0	0	0.593	0.599
FOS	IKBKB	9606.ENSP00000306245	9606.ENSP00000430684	0	0	0	0	0.056	0.096	0	0.617	0.645
FOS	MMP9	9606.ENSP00000306245	9606.ENSP00000361405	0	0	0	0	0.058	0	0	0.688	0.694
FOS	TNF	9606.ENSP00000306245	9606.ENSP00000398698	0	0	0	0	0.087	0	0	0.715	0.728
FOS	IL10	9606.ENSP00000306245	9606.ENSP00000412237	0	0	0	0	0.060	0.049	0	0.728	0.736
FOS	HRAS	9606.ENSP00000306245	9606.ENSP00000407586	0	0	0	0	0.056	0.097	0	0.744	0.763
FOS	HIF1A	9606.ENSP00000306245	9606.ENSP00000437955	0	0	0	0	0.067	0.249	0.400	0.592	0.805
FOS	PTGS2	9606.ENSP00000306245	9606.ENSP00000356438	0	0	0	0	0.237	0	0	0.773	0.819
FOS	IL6	9606.ENSP00000306245	9606.ENSP00000385675	0	0	0	0	0.140	0	0	0.879	0.891
FOS	RELA	9606.ENSP00000306245	9606.ENSP00000384273	0	0	0	0	0.101	0.528	0	0.820	0.917
FOS	MAPK8	9606.ENSP00000306245	9606.ENSP00000378974	0	0	0	0	0	0.174	0.900	0.849	0.986
FOS	JUN	9606.ENSP00000306245	9606.ENSP00000360266	0	0	0	0	0.690	0.999	0.900	0.999	0.999
FOXP3	HMOX1	9606.ENSP00000365380	9606.ENSP00000216117	0	0	0	0	0	0	0	0.636	0.636
FOXP3	TGFB1	9606.ENSP00000365380	9606.ENSP00000221930	0	0	0	0	0.060	0.095	0	0.855	0.865
FOXP3	IL2	9606.ENSP00000365380	9606.ENSP00000226730	0	0	0	0	0.121	0.695	0.500	0.946	0.991
FOXP3	IFNG	9606.ENSP00000365380	9606.ENSP00000229135	0	0	0	0	0.114	0.301	0.500	0.950	0.982
FOXP3	IL4	9606.ENSP00000365380	9606.ENSP00000231449	0	0	0	0	0.072	0	0	0.923	0.925
FOXP3	IL5	9606.ENSP00000365380	9606.ENSP00000231454	0	0	0	0	0.166	0	0	0.777	0.806
FOXP3	KRAS	9606.ENSP00000365380	9606.ENSP00000256078	0	0	0	0	0.087	0.068	0	0.449	0.490
FOXP3	MAPK3	9606.ENSP00000365380	9606.ENSP00000263025	0	0	0	0	0.042	0	0	0.473	0.474
FOXP3	IL1B	9606.ENSP00000365380	9606.ENSP00000263341	0	0	0	0	0	0	0	0.843	0.843
FOXP3	STAT3	9606.ENSP00000365380	9606.ENSP00000264657	0	0	0	0	0	0.567	0	0.965	0.984
FOXP3	ICAM1	9606.ENSP00000365380	9606.ENSP00000264832	0	0	0	0	0.048	0	0	0.587	0.590
FOXP3	IFNA1	9606.ENSP00000365380	9606.ENSP00000276927	0	0	0	0	0.042	0	0	0.623	0.623
FOXP3	PPARG	9606.ENSP00000365380	9606.ENSP00000287820	0	0	0	0	0.051	0.095	0	0.865	0.873
FOXP3	IL13	9606.ENSP00000365380	9606.ENSP00000304915	0	0	0	0	0.138	0	0	0.786	0.808
FOXP3	MTOR	9606.ENSP00000365380	9606.ENSP00000354558	0	0	0	0	0	0	0	0.577	0.577
FOXP3	PTGS2	9606.ENSP00000365380	9606.ENSP00000356438	0	0	0	0	0	0	0	0.505	0.505
FOXP3	JUN	9606.ENSP00000365380	9606.ENSP00000360266	0	0	0	0	0	0	0	0.481	0.481
FOXP3	MMP9	9606.ENSP00000365380	9606.ENSP00000361405	0	0	0	0	0.071	0	0	0.514	0.529
FOXP3	TLR4	9606.ENSP00000365380	9606.ENSP00000363089	0	0	0	0	0	0	0	0.680	0.680
FOXP3	THBD	9606.ENSP00000365380	9606.ENSP00000366307	0	0	0	0	0	0.043	0	0.408	0.409
FOXP3	IFNB1	9606.ENSP00000365380	9606.ENSP00000369581	0	0	0	0	0	0	0	0.581	0.581
FOXP3	MYD88	9606.ENSP00000365380	9606.ENSP00000498321	0	0	0	0	0	0	0	0.719	0.719
FOXP3	RELA	9606.ENSP00000365380	9606.ENSP00000384273	0	0	0	0	0	0.524	0	0.647	0.825
FOXP3	TNF	9606.ENSP00000365380	9606.ENSP00000398698	0	0	0	0	0	0.292	0	0.878	0.909
FOXP3	IL6	9606.ENSP00000365380	9606.ENSP00000385675	0	0	0	0	0	0.095	0	0.908	0.913
FOXP3	IL17A	9606.ENSP00000365380	9606.ENSP00000497968	0	0	0	0	0.125	0	0	0.948	0.953
FOXP3	IL10	9606.ENSP00000365380	9606.ENSP00000412237	0	0	0	0	0.105	0	0	0.952	0.955
FOXP3	HIF1A	9606.ENSP00000365380	9606.ENSP00000437955	0	0	0	0	0	0	0	0.988	0.988
GABPA	JUN	9606.ENSP00000346886	9606.ENSP00000360266	0	0	0	0	0.055	0.100	0	0.483	0.522
GABPA	KEAP1	9606.ENSP00000346886	9606.ENSP00000377245	0	0	0	0	0.060	0.626	0	0.261	0.718
GSTP1	MAPK1	9606.ENSP00000381607	9606.ENSP00000215832	0	0	0	0	0.049	0.292	0	0.196	0.411
GSTP1	HMOX1	9606.ENSP00000381607	9606.ENSP00000216117	0	0	0	0	0.047	0	0	0.527	0.530
GSTP1	TGFB1	9606.ENSP00000381607	9606.ENSP00000221930	0	0	0	0	0	0	0	0.567	0.567
GSTP1	STAT3	9606.ENSP00000381607	9606.ENSP00000264657	0	0	0	0	0.042	0	0	0.550	0.550
GSTP1	SOD1	9606.ENSP00000381607	9606.ENSP00000270142	0	0	0	0	0.107	0.164	0	0.652	0.718
GSTP1	NQO1	9606.ENSP00000381607	9606.ENSP00000319788	0	0	0	0	0.087	0	0	0.714	0.728
GSTP1	PTGS2	9606.ENSP00000381607	9606.ENSP00000356438	0	0	0	0	0.042	0	0	0.508	0.508
GSTP1	JUN	9606.ENSP00000381607	9606.ENSP00000360266	0	0	0	0	0.045	0.131	0	0.920	0.927
GSTP1	KEAP1	9606.ENSP00000381607	9606.ENSP00000377245	0	0	0	0	0.057	0	0	0.518	0.526
GSTP1	MAPK8	9606.ENSP00000381607	9606.ENSP00000378974	0	0	0	0	0.042	0.805	0	0.875	0.974
GSTP1	TNF	9606.ENSP00000381607	9606.ENSP00000398698	0	0	0	0	0.057	0	0	0.394	0.404
GSTP1	HRAS	9606.ENSP00000381607	9606.ENSP00000407586	0	0	0	0	0.048	0.054	0	0.512	0.522
GSTP1	HIF1A	9606.ENSP00000381607	9606.ENSP00000437955	0	0	0	0	0.088	0	0	0.544	0.566
GSTP1	SOD2	9606.ENSP00000381607	9606.ENSP00000446252	0	0	0	0	0.067	0	0	0.570	0.581
HIF1A	MAPK1	9606.ENSP00000437955	9606.ENSP00000215832	0	0	0	0	0.049	0.626	0.900	0.648	0.985
HIF1A	HMOX1	9606.ENSP00000437955	9606.ENSP00000216117	0	0	0	0	0.045	0	0	0.700	0.701
HIF1A	TIMP1	9606.ENSP00000437955	9606.ENSP00000218388	0	0	0	0	0.080	0	0	0.553	0.571
HIF1A	MMP2	9606.ENSP00000437955	9606.ENSP00000219070	0	0	0	0	0.104	0	0	0.712	0.731
HIF1A	TGFB1	9606.ENSP00000437955	9606.ENSP00000221930	0	0	0	0	0.044	0.225	0	0.799	0.838
HIF1A	SERPINE1	9606.ENSP00000437955	9606.ENSP00000223095	0	0	0	0	0.084	0	0	0.606	0.624
HIF1A	IL2	9606.ENSP00000437955	9606.ENSP00000226730	0	0	0	0	0	0	0	0.583	0.583
HIF1A	IFNG	9606.ENSP00000437955	9606.ENSP00000229135	0	0	0	0	0	0	0	0.665	0.665
HIF1A	IL4	9606.ENSP00000437955	9606.ENSP00000231449	0	0	0	0	0	0	0	0.585	0.585
HIF1A	KRAS	9606.ENSP00000437955	9606.ENSP00000256078	0	0	0	0	0.056	0	0	0.620	0.626
HIF1A	MMP7	9606.ENSP00000437955	9606.ENSP00000260227	0	0	0	0	0.060	0	0	0.463	0.474
HIF1A	MMP13	9606.ENSP00000437955	9606.ENSP00000260302	0	0	0	0	0.076	0	0	0.498	0.517
HIF1A	TIMP2	9606.ENSP00000437955	9606.ENSP00000262768	0	0	0	0	0.076	0	0	0.462	0.482
HIF1A	MAPK3	9606.ENSP00000437955	9606.ENSP00000263025	0	0	0	0	0	0.045	0.900	0.703	0.969
HIF1A	IL1B	9606.ENSP00000437955	9606.ENSP00000263341	0	0	0	0	0.120	0	0	0.751	0.771
HIF1A	PIK3CA	9606.ENSP00000437955	9606.ENSP00000263967	0	0	0	0	0.083	0	0	0.526	0.547
HIF1A	STAT3	9606.ENSP00000437955	9606.ENSP00000264657	0	0	0	0	0.115	0.738	0.750	0.923	0.994
HIF1A	ICAM1	9606.ENSP00000437955	9606.ENSP00000264832	0	0	0	0	0.083	0.226	0	0.591	0.684
HIF1A	SOD1	9606.ENSP00000437955	9606.ENSP00000270142	0	0	0	0	0.089	0	0	0.485	0.511
HIF1A	IFNA1	9606.ENSP00000437955	9606.ENSP00000276927	0	0	0	0	0	0	0	0.440	0.440
HIF1A	PPARG	9606.ENSP00000437955	9606.ENSP00000287820	0	0	0	0	0.067	0.071	0	0.845	0.854
HIF1A	MMP3	9606.ENSP00000437955	9606.ENSP00000299855	0	0	0	0	0.106	0	0	0.526	0.558
HIF1A	IL13	9606.ENSP00000437955	9606.ENSP00000304915	0	0	0	0	0	0	0	0.696	0.696
HIF1A	NQO1	9606.ENSP00000437955	9606.ENSP00000319788	0	0	0	0	0.042	0.312	0	0.794	0.852
HIF1A	PLAUR	9606.ENSP00000437955	9606.ENSP00000339328	0	0	0	0	0.105	0	0	0.392	0.432
HIF1A	MTOR	9606.ENSP00000437955	9606.ENSP00000354558	0	0	0	0	0	0.069	0	0.782	0.789
HIF1A	PTGS2	9606.ENSP00000437955	9606.ENSP00000356438	0	0	0	0	0.201	0	0	0.797	0.831
HIF1A	NRAS	9606.ENSP00000437955	9606.ENSP00000358548	0	0	0	0	0.075	0	0	0.397	0.418
HIF1A	JUN	9606.ENSP00000437955	9606.ENSP00000360266	0	0	0	0	0.056	0.621	0	0.901	0.961
HIF1A	MMP9	9606.ENSP00000437955	9606.ENSP00000361405	0	0	0	0	0.088	0	0	0.815	0.824
HIF1A	PLAU	9606.ENSP00000437955	9606.ENSP00000361850	0	0	0	0	0.113	0	0	0.511	0.548
HIF1A	TLR4	9606.ENSP00000437955	9606.ENSP00000363089	0	0	0	0	0.131	0	0	0.621	0.657
HIF1A	KEAP1	9606.ENSP00000437955	9606.ENSP00000377245	0	0	0	0	0.043	0.292	0	0.591	0.699
HIF1A	MAPK8	9606.ENSP00000437955	9606.ENSP00000378974	0	0	0	0	0	0	0	0.485	0.485
HIF1A	RELA	9606.ENSP00000437955	9606.ENSP00000384273	0	0	0	0	0.079	0.292	0	0.985	0.989
HIF1A	IL6	9606.ENSP00000437955	9606.ENSP00000385675	0	0	0	0	0.139	0	0	0.777	0.800
HIF1A	TNF	9606.ENSP00000437955	9606.ENSP00000398698	0	0	0	0	0.044	0	0	0.818	0.818
HIF1A	RAF1	9606.ENSP00000437955	9606.ENSP00000401888	0	0	0	0	0.060	0.071	0	0.398	0.428
HIF1A	HRAS	9606.ENSP00000437955	9606.ENSP00000407586	0	0	0	0	0	0	0	0.446	0.446
HIF1A	IL10	9606.ENSP00000437955	9606.ENSP00000412237	0	0	0	0	0.048	0	0	0.749	0.751
HIF1A	IKBKB	9606.ENSP00000437955	9606.ENSP00000430684	0	0	0	0	0.066	0.314	0	0.510	0.659
HIF1A	MYD88	9606.ENSP00000437955	9606.ENSP00000498321	0	0	0	0	0.119	0	0	0.462	0.507
HIF1A	IL17A	9606.ENSP00000437955	9606.ENSP00000497968	0	0	0	0	0.060	0.071	0	0.581	0.602
HIF1A	SOD2	9606.ENSP00000437955	9606.ENSP00000446252	0	0	0	0	0.162	0	0	0.587	0.639
HMOX1	RELA	9606.ENSP00000216117	9606.ENSP00000384273	0	0	0	0	0.060	0	0	0.388	0.400
HMOX1	IFNB1	9606.ENSP00000216117	9606.ENSP00000369581	0	0	0	0	0	0	0	0.400	0.400
HMOX1	MMP13	9606.ENSP00000216117	9606.ENSP00000260302	0	0	0	0	0	0	0	0.402	0.402
HMOX1	IKBKB	9606.ENSP00000216117	9606.ENSP00000430684	0	0	0	0	0.042	0	0	0.442	0.443
HMOX1	THBD	9606.ENSP00000216117	9606.ENSP00000366307	0	0	0	0	0.084	0	0	0.420	0.446
HMOX1	MMP3	9606.ENSP00000216117	9606.ENSP00000299855	0	0	0	0	0	0	0	0.447	0.447
HMOX1	TIMP1	9606.ENSP00000216117	9606.ENSP00000218388	0	0	0	0	0.091	0	0	0.424	0.454
HMOX1	IL2	9606.ENSP00000216117	9606.ENSP00000226730	0	0	0	0	0	0	0	0.461	0.461
HMOX1	IL17A	9606.ENSP00000216117	9606.ENSP00000497968	0	0	0	0	0	0	0	0.478	0.478
HMOX1	MMP2	9606.ENSP00000216117	9606.ENSP00000219070	0	0	0	0	0.042	0	0	0.505	0.506
HMOX1	MAPK8	9606.ENSP00000216117	9606.ENSP00000378974	0	0	0	0	0.042	0	0	0.506	0.506
HMOX1	MTOR	9606.ENSP00000216117	9606.ENSP00000354558	0	0	0	0	0	0	0	0.527	0.527
HMOX1	MYD88	9606.ENSP00000216117	9606.ENSP00000498321	0	0	0	0	0.070	0	0	0.539	0.553
HMOX1	HP	9606.ENSP00000216117	9606.ENSP00000348170	0	0	0	0	0.042	0	0	0.610	0.610
HMOX1	MAPK3	9606.ENSP00000216117	9606.ENSP00000263025	0	0	0	0	0	0	0	0.629	0.629
HMOX1	IFNG	9606.ENSP00000216117	9606.ENSP00000229135	0	0	0	0	0	0	0	0.633	0.633
HMOX1	SERPINE1	9606.ENSP00000216117	9606.ENSP00000223095	0	0	0	0	0.073	0	0	0.626	0.638
HMOX1	TGFB1	9606.ENSP00000216117	9606.ENSP00000221930	0	0	0	0	0.083	0	0	0.630	0.646
HMOX1	MMP9	9606.ENSP00000216117	9606.ENSP00000361405	0	0	0	0	0.083	0	0	0.640	0.656
HMOX1	ICAM1	9606.ENSP00000216117	9606.ENSP00000264832	0	0	0	0	0.080	0	0	0.662	0.675
HMOX1	TLR4	9606.ENSP00000216117	9606.ENSP00000363089	0	0	0	0	0.074	0	0	0.709	0.719
HMOX1	IL10	9606.ENSP00000216117	9606.ENSP00000412237	0	0	0	0	0.054	0	0	0.722	0.726
HMOX1	SOD1	9606.ENSP00000216117	9606.ENSP00000270142	0	0	0	0	0.042	0	0	0.741	0.741
HMOX1	SOD2	9606.ENSP00000216117	9606.ENSP00000446252	0.043	0	0	0	0.062	0	0	0.737	0.743
HMOX1	PPARG	9606.ENSP00000216117	9606.ENSP00000287820	0	0	0	0	0.049	0	0	0.782	0.784
HMOX1	PTGS2	9606.ENSP00000216117	9606.ENSP00000356438	0	0	0	0	0.073	0	0	0.782	0.789
HMOX1	TNF	9606.ENSP00000216117	9606.ENSP00000398698	0	0	0	0	0.044	0	0	0.792	0.792
HMOX1	JUN	9606.ENSP00000216117	9606.ENSP00000360266	0	0	0	0	0.056	0	0	0.795	0.798
HMOX1	IL6	9606.ENSP00000216117	9606.ENSP00000385675	0	0	0	0	0.070	0	0	0.804	0.810
HMOX1	IL1B	9606.ENSP00000216117	9606.ENSP00000263341	0	0	0	0	0.067	0	0	0.812	0.817
HMOX1	STAT3	9606.ENSP00000216117	9606.ENSP00000264657	0	0	0	0	0.056	0	0.400	0.755	0.849
HMOX1	IL13	9606.ENSP00000216117	9606.ENSP00000304915	0	0	0	0	0	0	0.750	0.445	0.855
HMOX1	IL4	9606.ENSP00000216117	9606.ENSP00000231449	0	0	0	0	0	0	0.750	0.532	0.878
HMOX1	NQO1	9606.ENSP00000216117	9606.ENSP00000319788	0	0	0	0	0.061	0	0	0.914	0.916
HMOX1	KEAP1	9606.ENSP00000216117	9606.ENSP00000377245	0	0	0	0	0.049	0	0	0.933	0.934
HP	TIMP1	9606.ENSP00000348170	9606.ENSP00000218388	0	0	0	0	0.048	0	0	0.400	0.404
HP	SERPINE1	9606.ENSP00000348170	9606.ENSP00000223095	0	0	0	0	0.059	0.045	0	0.419	0.433
HP	VTN	9606.ENSP00000348170	9606.ENSP00000226218	0	0	0	0	0.163	0	0	0.373	0.453
HP	IL2	9606.ENSP00000348170	9606.ENSP00000226730	0	0	0	0	0	0	0	0.412	0.412
HP	IFNG	9606.ENSP00000348170	9606.ENSP00000229135	0	0	0	0	0	0	0	0.574	0.574
HP	IL4	9606.ENSP00000348170	9606.ENSP00000231449	0	0	0	0	0	0	0	0.447	0.447
HP	ORM1	9606.ENSP00000348170	9606.ENSP00000259396	0	0	0	0	0.384	0.240	0	0.947	0.973
HP	IL1B	9606.ENSP00000348170	9606.ENSP00000263341	0	0	0	0	0	0	0	0.650	0.650
HP	ICAM1	9606.ENSP00000348170	9606.ENSP00000264832	0	0	0	0	0.088	0	0	0.398	0.427
HP	IL17A	9606.ENSP00000348170	9606.ENSP00000497968	0	0	0	0	0	0	0	0.418	0.418
HP	THBD	9606.ENSP00000348170	9606.ENSP00000366307	0	0	0	0	0.043	0.094	0	0.396	0.430
HP	S100A7	9606.ENSP00000348170	9606.ENSP00000357711	0	0	0	0	0.056	0	0	0.461	0.469
HP	SOD2	9606.ENSP00000348170	9606.ENSP00000446252	0	0	0	0	0.060	0.046	0	0.489	0.501
HP	TLR4	9606.ENSP00000348170	9606.ENSP00000363089	0	0	0	0	0.074	0	0	0.521	0.538
HP	IL10	9606.ENSP00000348170	9606.ENSP00000412237	0	0	0	0	0.042	0	0	0.620	0.621
HP	TNF	9606.ENSP00000348170	9606.ENSP00000398698	0	0	0	0	0	0.066	0	0.657	0.666
HP	IL6	9606.ENSP00000348170	9606.ENSP00000385675	0	0	0	0	0.049	0	0	0.724	0.726
HP	SAA1	9606.ENSP00000348170	9606.ENSP00000384906	0	0	0	0	0	0	0	0.738	0.738
HP	SAA2	9606.ENSP00000348170	9606.ENSP00000436126	0	0	0	0	0.131	0	0	0.726	0.751
HP	MMP9	9606.ENSP00000348170	9606.ENSP00000361405	0	0	0	0	0.106	0	0	0.776	0.791
HRAS	MAPK1	9606.ENSP00000407586	9606.ENSP00000215832	0	0	0	0	0.056	0.098	0.900	0.783	0.979
HRAS	TGFB1	9606.ENSP00000407586	9606.ENSP00000221930	0	0	0	0	0.091	0.045	0	0.421	0.454
HRAS	IL2	9606.ENSP00000407586	9606.ENSP00000226730	0	0	0	0	0	0	0.400	0.323	0.576
HRAS	IL5	9606.ENSP00000407586	9606.ENSP00000231454	0	0	0	0	0	0	0.400	0.134	0.458
HRAS	KRAS	9606.ENSP00000407586	9606.ENSP00000256078	0	0	0.050	0.981	0	0.883	0.900	0.411	0.992
HRAS	ORM1	9606.ENSP00000407586	9606.ENSP00000259396	0	0	0	0	0	0	0	0.446	0.446
HRAS	MAPK3	9606.ENSP00000407586	9606.ENSP00000263025	0	0	0	0	0.061	0.098	0.900	0.829	0.983
HRAS	PIK3CA	9606.ENSP00000407586	9606.ENSP00000263967	0	0	0	0	0.100	0.758	0.900	0.800	0.995
HRAS	STAT3	9606.ENSP00000407586	9606.ENSP00000264657	0	0	0	0	0	0.063	0	0.494	0.505
HRAS	ICAM1	9606.ENSP00000407586	9606.ENSP00000264832	0	0	0	0	0.067	0	0.900	0.234	0.922
HRAS	PPARG	9606.ENSP00000407586	9606.ENSP00000287820	0	0	0	0	0.062	0.073	0	0.609	0.630
HRAS	MTOR	9606.ENSP00000407586	9606.ENSP00000354558	0	0	0	0	0	0.390	0	0.480	0.669
HRAS	PTGS2	9606.ENSP00000407586	9606.ENSP00000356438	0	0	0	0	0.055	0.045	0	0.583	0.591
HRAS	NRAS	9606.ENSP00000407586	9606.ENSP00000358548	0	0	0.050	0.981	0	0.330	0.900	0.059	0.932
HRAS	JUN	9606.ENSP00000407586	9606.ENSP00000360266	0	0	0	0	0.067	0.181	0	0.733	0.778
HRAS	MMP9	9606.ENSP00000407586	9606.ENSP00000361405	0	0	0	0	0	0	0	0.413	0.413
HRAS	PLAU	9606.ENSP00000407586	9606.ENSP00000361850	0	0	0	0	0	0.243	0	0.544	0.640
HRAS	KEAP1	9606.ENSP00000407586	9606.ENSP00000377245	0	0	0	0	0.133	0.097	0	0.377	0.470
HRAS	MAPK8	9606.ENSP00000407586	9606.ENSP00000378974	0	0	0	0	0.103	0.522	0.900	0.694	0.985
HRAS	RELA	9606.ENSP00000407586	9606.ENSP00000384273	0	0	0	0	0.054	0.078	0.500	0.300	0.654
HRAS	IL6	9606.ENSP00000407586	9606.ENSP00000385675	0	0	0	0	0.059	0	0	0.400	0.411
HRAS	TNF	9606.ENSP00000407586	9606.ENSP00000398698	0	0	0	0	0.067	0	0	0.570	0.582
HRAS	RAF1	9606.ENSP00000407586	9606.ENSP00000401888	0	0	0	0	0.074	0.999	0.900	0.985	0.999
HRAS	MYD88	9606.ENSP00000407586	9606.ENSP00000498321	0	0	0	0	0.058	0	0	0.516	0.525
HRAS	PIK3CB	9606.ENSP00000407586	9606.ENSP00000501150	0	0	0	0	0.056	0.133	0.900	0.610	0.963
ICAM1	MAPK1	9606.ENSP00000264832	9606.ENSP00000215832	0	0	0	0	0.042	0	0	0.579	0.579
ICAM1	PROCR	9606.ENSP00000264832	9606.ENSP00000216968	0	0	0	0	0.044	0	0	0.721	0.721
ICAM1	TIMP1	9606.ENSP00000264832	9606.ENSP00000218388	0	0	0	0	0.115	0	0	0.810	0.825
ICAM1	MMP2	9606.ENSP00000264832	9606.ENSP00000219070	0	0	0	0	0.049	0	0	0.749	0.751
ICAM1	TGFB1	9606.ENSP00000264832	9606.ENSP00000221930	0	0	0	0	0.151	0	0	0.695	0.730
ICAM1	SERPINE1	9606.ENSP00000264832	9606.ENSP00000223095	0	0	0	0	0.129	0	0	0.716	0.742
ICAM1	VTN	9606.ENSP00000264832	9606.ENSP00000226218	0	0	0	0	0	0	0	0.738	0.738
ICAM1	IL2	9606.ENSP00000264832	9606.ENSP00000226730	0	0	0	0	0.049	0	0	0.799	0.800
ICAM1	IFNG	9606.ENSP00000264832	9606.ENSP00000229135	0	0	0	0	0.061	0.164	0	0.885	0.902
ICAM1	IL4	9606.ENSP00000264832	9606.ENSP00000231449	0	0	0	0	0	0	0	0.811	0.811
ICAM1	IL5	9606.ENSP00000264832	9606.ENSP00000231454	0	0	0	0	0	0	0	0.622	0.622
ICAM1	KRAS	9606.ENSP00000264832	9606.ENSP00000256078	0	0	0	0	0.067	0	0.900	0.327	0.931
ICAM1	MMP7	9606.ENSP00000264832	9606.ENSP00000260227	0	0	0	0	0.082	0	0	0.397	0.423
ICAM1	MMP13	9606.ENSP00000264832	9606.ENSP00000260302	0	0	0	0	0	0	0	0.564	0.564
ICAM1	TIMP2	9606.ENSP00000264832	9606.ENSP00000262768	0	0	0	0	0.092	0	0	0.624	0.644
ICAM1	MAPK3	9606.ENSP00000264832	9606.ENSP00000263025	0	0	0	0	0.047	0	0	0.587	0.589
ICAM1	IL1B	9606.ENSP00000264832	9606.ENSP00000263341	0	0	0	0	0.271	0	0	0.885	0.912
ICAM1	STAT3	9606.ENSP00000264832	9606.ENSP00000264657	0	0	0	0	0.122	0	0.500	0.649	0.832
ICAM1	MTOR	9606.ENSP00000264832	9606.ENSP00000354558	0	0	0	0	0.042	0	0	0.413	0.413
ICAM1	MAPK8	9606.ENSP00000264832	9606.ENSP00000378974	0	0	0	0	0.047	0	0	0.434	0.437
ICAM1	KEAP1	9606.ENSP00000264832	9606.ENSP00000377245	0	0	0	0	0.042	0.145	0	0.387	0.454
ICAM1	SOD2	9606.ENSP00000264832	9606.ENSP00000446252	0	0	0	0	0.169	0	0	0.426	0.502
ICAM1	PLAU	9606.ENSP00000264832	9606.ENSP00000361850	0	0	0	0	0.137	0	0	0.469	0.522
ICAM1	PLAUR	9606.ENSP00000264832	9606.ENSP00000339328	0	0	0	0	0.242	0	0	0.400	0.525
ICAM1	IKBKB	9606.ENSP00000264832	9606.ENSP00000430684	0	0	0	0	0	0	0	0.528	0.528
ICAM1	MMP3	9606.ENSP00000264832	9606.ENSP00000299855	0	0	0	0	0.060	0	0	0.571	0.579
ICAM1	IFNB1	9606.ENSP00000264832	9606.ENSP00000369581	0	0	0	0	0.049	0	0	0.580	0.583
ICAM1	SAA1	9606.ENSP00000264832	9606.ENSP00000384906	0	0	0	0	0.067	0	0	0.590	0.601
ICAM1	SAA2	9606.ENSP00000264832	9606.ENSP00000436126	0	0	0	0	0.067	0	0	0.592	0.603
ICAM1	MYD88	9606.ENSP00000264832	9606.ENSP00000498321	0	0	0	0	0.111	0	0	0.593	0.623
ICAM1	PPARG	9606.ENSP00000264832	9606.ENSP00000287820	0	0	0	0	0.106	0	0	0.609	0.636
ICAM1	JUN	9606.ENSP00000264832	9606.ENSP00000360266	0	0	0	0	0.123	0	0	0.622	0.655
ICAM1	THBD	9606.ENSP00000264832	9606.ENSP00000366307	0	0	0	0	0.086	0	0	0.650	0.666
ICAM1	IL17A	9606.ENSP00000264832	9606.ENSP00000497968	0	0	0	0	0.044	0	0	0.697	0.697
ICAM1	IFNA1	9606.ENSP00000264832	9606.ENSP00000276927	0	0	0	0	0	0	0	0.723	0.723
ICAM1	TLR4	9606.ENSP00000264832	9606.ENSP00000363089	0	0	0	0	0.140	0	0	0.741	0.768
ICAM1	IL13	9606.ENSP00000264832	9606.ENSP00000304915	0	0	0	0	0.059	0	0	0.764	0.768
ICAM1	MMP9	9606.ENSP00000264832	9606.ENSP00000361405	0	0	0	0	0.094	0	0	0.779	0.791
ICAM1	PTGS2	9606.ENSP00000264832	9606.ENSP00000356438	0	0	0	0	0.151	0	0	0.814	0.835
ICAM1	RELA	9606.ENSP00000264832	9606.ENSP00000384273	0	0	0	0	0.173	0.626	0	0.570	0.855
ICAM1	IL10	9606.ENSP00000264832	9606.ENSP00000412237	0	0	0	0	0.056	0	0.400	0.794	0.873
ICAM1	NRAS	9606.ENSP00000264832	9606.ENSP00000358548	0	0	0	0	0.069	0	0.900	0.178	0.916
ICAM1	TNF	9606.ENSP00000264832	9606.ENSP00000398698	0	0	0	0	0.255	0	0	0.929	0.944
ICAM1	IL6	9606.ENSP00000264832	9606.ENSP00000385675	0	0	0	0	0.270	0	0	0.931	0.947
IFNA1	TGFB1	9606.ENSP00000276927	9606.ENSP00000221930	0	0	0	0	0	0	0	0.570	0.570
IFNA1	IL2	9606.ENSP00000276927	9606.ENSP00000226730	0	0	0	0	0.083	0	0	0.876	0.881
IFNA1	IFNG	9606.ENSP00000276927	9606.ENSP00000229135	0	0	0	0	0.115	0	0	0.950	0.954
IFNA1	IL4	9606.ENSP00000276927	9606.ENSP00000231449	0	0	0	0	0.058	0	0	0.791	0.794
IFNA1	IL5	9606.ENSP00000276927	9606.ENSP00000231454	0	0	0	0	0.055	0	0	0.712	0.716
IFNA1	MAPK3	9606.ENSP00000276927	9606.ENSP00000263025	0	0	0	0	0.055	0	0	0.417	0.425
IFNA1	IL1B	9606.ENSP00000276927	9606.ENSP00000263341	0	0	0	0	0.055	0	0	0.847	0.849
IFNA1	STAT3	9606.ENSP00000276927	9606.ENSP00000264657	0	0	0	0	0	0	0	0.696	0.696
IFNA1	PTGS2	9606.ENSP00000276927	9606.ENSP00000356438	0	0	0	0	0.057	0	0	0.448	0.457
IFNA1	IKBKB	9606.ENSP00000276927	9606.ENSP00000430684	0	0	0	0	0.054	0	0	0.450	0.458
IFNA1	MMP9	9606.ENSP00000276927	9606.ENSP00000361405	0	0	0	0	0	0	0	0.473	0.473
IFNA1	THBD	9606.ENSP00000276927	9606.ENSP00000366307	0	0	0	0	0	0	0	0.506	0.506
IFNA1	JUN	9606.ENSP00000276927	9606.ENSP00000360266	0	0	0	0	0	0	0	0.507	0.507
IFNA1	MTOR	9606.ENSP00000276927	9606.ENSP00000354558	0	0	0	0	0	0	0	0.570	0.570
IFNA1	IL13	9606.ENSP00000276927	9606.ENSP00000304915	0	0	0	0	0	0	0	0.713	0.713
IFNA1	RELA	9606.ENSP00000276927	9606.ENSP00000384273	0	0	0	0	0	0	0.650	0.419	0.787
IFNA1	IL17A	9606.ENSP00000276927	9606.ENSP00000497968	0	0	0	0	0.135	0	0	0.768	0.790
IFNA1	TLR4	9606.ENSP00000276927	9606.ENSP00000363089	0	0	0	0	0	0	0	0.807	0.807
IFNA1	IL10	9606.ENSP00000276927	9606.ENSP00000412237	0	0	0	0	0.101	0	0	0.843	0.852
IFNA1	MYD88	9606.ENSP00000276927	9606.ENSP00000498321	0	0	0	0	0.057	0	0	0.859	0.861
IFNA1	IL6	9606.ENSP00000276927	9606.ENSP00000385675	0	0	0	0	0.092	0	0	0.923	0.927
IFNA1	TNF	9606.ENSP00000276927	9606.ENSP00000398698	0	0	0	0	0.107	0	0	0.923	0.928
IFNA1	IFNB1	9606.ENSP00000276927	9606.ENSP00000369581	0	0	0.130	0.787	0.197	0	0.400	0.986	0.993
IFNB1	TGFB1	9606.ENSP00000369581	9606.ENSP00000221930	0	0	0	0	0	0	0	0.506	0.506
IFNB1	IL2	9606.ENSP00000369581	9606.ENSP00000226730	0	0	0	0	0.062	0	0	0.724	0.730
IFNB1	IFNG	9606.ENSP00000369581	9606.ENSP00000229135	0	0	0	0	0.149	0	0	0.943	0.950
IFNB1	IL4	9606.ENSP00000369581	9606.ENSP00000231449	0	0	0	0	0.054	0	0	0.717	0.720
IFNB1	IL5	9606.ENSP00000369581	9606.ENSP00000231454	0	0	0	0	0.044	0	0	0.584	0.585
IFNB1	MAPK3	9606.ENSP00000369581	9606.ENSP00000263025	0	0	0	0	0.086	0	0	0.445	0.471
IFNB1	IL1B	9606.ENSP00000369581	9606.ENSP00000263341	0	0	0	0	0.091	0	0	0.875	0.881
IFNB1	STAT3	9606.ENSP00000369581	9606.ENSP00000264657	0	0	0	0	0.099	0	0	0.725	0.741
IFNB1	IL13	9606.ENSP00000369581	9606.ENSP00000304915	0	0	0	0	0.047	0	0	0.620	0.622
IFNB1	PTGS2	9606.ENSP00000369581	9606.ENSP00000356438	0	0	0	0	0.117	0	0	0.480	0.522
IFNB1	JUN	9606.ENSP00000369581	9606.ENSP00000360266	0	0	0	0	0.054	0	0	0.603	0.608
IFNB1	MMP9	9606.ENSP00000369581	9606.ENSP00000361405	0	0	0	0	0.082	0	0	0.488	0.510
IFNB1	TLR4	9606.ENSP00000369581	9606.ENSP00000363089	0	0	0	0	0.086	0	0	0.998	0.998
IFNB1	IKBKB	9606.ENSP00000369581	9606.ENSP00000430684	0	0	0	0	0.062	0	0	0.596	0.605
IFNB1	IL17A	9606.ENSP00000369581	9606.ENSP00000497968	0	0	0	0	0.109	0	0	0.697	0.718
IFNB1	IL10	9606.ENSP00000369581	9606.ENSP00000412237	0	0	0	0	0.094	0	0	0.797	0.809
IFNB1	RELA	9606.ENSP00000369581	9606.ENSP00000384273	0	0	0	0	0	0	0.650	0.545	0.834
IFNB1	TNF	9606.ENSP00000369581	9606.ENSP00000398698	0	0	0	0	0.191	0	0	0.905	0.919
IFNB1	IL6	9606.ENSP00000369581	9606.ENSP00000385675	0	0	0	0	0.185	0	0	0.908	0.922
IFNB1	MYD88	9606.ENSP00000369581	9606.ENSP00000498321	0	0	0	0	0.083	0	0	0.953	0.955
IFNG	MAPK1	9606.ENSP00000229135	9606.ENSP00000215832	0	0	0	0	0	0	0	0.627	0.627
IFNG	TIMP1	9606.ENSP00000229135	9606.ENSP00000218388	0	0	0	0	0.130	0	0	0.736	0.760
IFNG	MMP2	9606.ENSP00000229135	9606.ENSP00000219070	0	0	0	0	0.055	0	0	0.581	0.587
IFNG	TGFB1	9606.ENSP00000229135	9606.ENSP00000221930	0	0	0	0	0.055	0	0	0.886	0.888
IFNG	SERPINE1	9606.ENSP00000229135	9606.ENSP00000223095	0	0	0	0	0	0	0	0.720	0.720
IFNG	VTN	9606.ENSP00000229135	9606.ENSP00000226218	0	0	0	0	0	0	0	0.407	0.407
IFNG	IL2	9606.ENSP00000229135	9606.ENSP00000226730	0	0	0	0	0.295	0	0	0.987	0.990
IFNG	S100A7	9606.ENSP00000229135	9606.ENSP00000357711	0	0	0	0	0	0	0	0.400	0.400
IFNG	SOD1	9606.ENSP00000229135	9606.ENSP00000270142	0	0	0	0	0	0	0	0.424	0.424
IFNG	PLAU	9606.ENSP00000229135	9606.ENSP00000361850	0	0	0	0	0	0	0	0.430	0.430
IFNG	SAA2	9606.ENSP00000229135	9606.ENSP00000436126	0	0	0	0	0.045	0	0	0.433	0.435
IFNG	SAA1	9606.ENSP00000229135	9606.ENSP00000384906	0	0	0	0	0	0	0	0.447	0.447
IFNG	MMP13	9606.ENSP00000229135	9606.ENSP00000260302	0	0	0	0	0.052	0	0	0.447	0.454
IFNG	KEAP1	9606.ENSP00000229135	9606.ENSP00000377245	0	0	0	0	0.105	0	0	0.420	0.459
IFNG	TIMP2	9606.ENSP00000229135	9606.ENSP00000262768	0	0	0	0	0.112	0	0	0.433	0.474
IFNG	KRAS	9606.ENSP00000229135	9606.ENSP00000256078	0	0	0	0	0.077	0	0	0.525	0.543
IFNG	THBD	9606.ENSP00000229135	9606.ENSP00000366307	0	0	0	0	0	0	0	0.546	0.546
IFNG	IKBKB	9606.ENSP00000229135	9606.ENSP00000430684	0	0	0	0	0.049	0	0	0.577	0.580
IFNG	RELA	9606.ENSP00000229135	9606.ENSP00000384273	0	0	0	0	0	0	0	0.585	0.585
IFNG	MTOR	9606.ENSP00000229135	9606.ENSP00000354558	0	0	0	0	0	0	0	0.610	0.610
IFNG	MMP7	9606.ENSP00000229135	9606.ENSP00000260227	0	0	0	0	0.056	0	0	0.632	0.638
IFNG	MAPK8	9606.ENSP00000229135	9606.ENSP00000378974	0	0	0	0	0	0	0	0.658	0.658
IFNG	PPARG	9606.ENSP00000229135	9606.ENSP00000287820	0	0	0	0	0	0	0	0.671	0.671
IFNG	JUN	9606.ENSP00000229135	9606.ENSP00000360266	0	0	0	0	0.044	0	0	0.710	0.711
IFNG	MMP3	9606.ENSP00000229135	9606.ENSP00000299855	0	0	0	0	0.055	0	0	0.721	0.725
IFNG	MMP9	9606.ENSP00000229135	9606.ENSP00000361405	0	0	0	0	0.091	0	0	0.737	0.751
IFNG	PTGS2	9606.ENSP00000229135	9606.ENSP00000356438	0	0	0	0	0.099	0	0	0.804	0.816
IFNG	MAPK3	9606.ENSP00000229135	9606.ENSP00000263025	0	0	0	0	0	0	0	0.846	0.846
IFNG	MYD88	9606.ENSP00000229135	9606.ENSP00000498321	0	0	0	0	0	0	0	0.899	0.899
IFNG	STAT3	9606.ENSP00000229135	9606.ENSP00000264657	0	0	0	0	0.058	0	0	0.905	0.907
IFNG	TLR4	9606.ENSP00000229135	9606.ENSP00000363089	0	0	0	0	0.056	0	0	0.945	0.946
IFNG	IL5	9606.ENSP00000229135	9606.ENSP00000231454	0	0	0	0	0.072	0	0	0.959	0.960
IFNG	IL13	9606.ENSP00000229135	9606.ENSP00000304915	0	0	0	0	0.072	0	0	0.960	0.961
IFNG	IL17A	9606.ENSP00000229135	9606.ENSP00000497968	0	0	0	0	0.134	0	0	0.975	0.978
IFNG	IL6	9606.ENSP00000229135	9606.ENSP00000385675	0	0	0	0	0.128	0	0	0.981	0.983
IFNG	IL4	9606.ENSP00000229135	9606.ENSP00000231449	0	0	0	0	0.110	0	0	0.990	0.990
IFNG	TNF	9606.ENSP00000229135	9606.ENSP00000398698	0	0	0	0	0.202	0	0	0.990	0.991
IFNG	IL10	9606.ENSP00000229135	9606.ENSP00000412237	0	0	0	0	0.566	0	0	0.989	0.995
IFNG	IL1B	9606.ENSP00000229135	9606.ENSP00000263341	0	0	0	0	0.273	0	0	0.997	0.998
IKBKB	TGFB1	9606.ENSP00000430684	9606.ENSP00000221930	0	0	0	0	0.049	0.126	0	0.455	0.508
IKBKB	IL2	9606.ENSP00000430684	9606.ENSP00000226730	0	0	0	0	0	0	0	0.462	0.462
IKBKB	IL4	9606.ENSP00000430684	9606.ENSP00000231449	0	0	0	0	0	0	0	0.480	0.480
IKBKB	IL5	9606.ENSP00000430684	9606.ENSP00000231454	0	0	0	0	0	0	0	0.536	0.536
IKBKB	KRAS	9606.ENSP00000430684	9606.ENSP00000256078	0	0	0	0	0.081	0.110	0	0.382	0.451
IKBKB	IL1B	9606.ENSP00000430684	9606.ENSP00000263341	0	0	0	0	0	0	0	0.865	0.865
IKBKB	STAT3	9606.ENSP00000430684	9606.ENSP00000264657	0	0	0	0	0.109	0.332	0	0.612	0.749
IKBKB	PPARG	9606.ENSP00000430684	9606.ENSP00000287820	0	0	0	0	0.083	0.071	0	0.511	0.547
IKBKB	IL13	9606.ENSP00000430684	9606.ENSP00000304915	0	0	0	0	0	0	0	0.413	0.413
IKBKB	MTOR	9606.ENSP00000430684	9606.ENSP00000354558	0	0	0	0	0.060	0.526	0	0.523	0.769
IKBKB	PTGS2	9606.ENSP00000430684	9606.ENSP00000356438	0	0	0	0	0.098	0	0	0.591	0.615
IKBKB	JUN	9606.ENSP00000430684	9606.ENSP00000360266	0	0	0	0	0	0.324	0	0.695	0.785
IKBKB	MMP9	9606.ENSP00000430684	9606.ENSP00000361405	0	0	0	0	0.105	0	0	0.522	0.554
IKBKB	TLR4	9606.ENSP00000430684	9606.ENSP00000363089	0	0	0	0	0.092	0.100	0.500	0.791	0.903
IKBKB	KEAP1	9606.ENSP00000430684	9606.ENSP00000377245	0	0	0	0	0.092	0.833	0	0.983	0.997
IKBKB	MAPK8	9606.ENSP00000430684	9606.ENSP00000378974	0	0	0	0.581	0.073	0.088	0	0.570	0.605
IKBKB	RELA	9606.ENSP00000430684	9606.ENSP00000384273	0	0	0	0	0.067	0.877	0.900	0.957	0.999
IKBKB	IL6	9606.ENSP00000430684	9606.ENSP00000385675	0	0	0	0	0.058	0	0	0.731	0.736
IKBKB	TNF	9606.ENSP00000430684	9606.ENSP00000398698	0	0	0	0	0.089	0.994	0.500	0.934	0.999
IKBKB	IL10	9606.ENSP00000430684	9606.ENSP00000412237	0	0	0	0	0	0.052	0	0.595	0.600
IKBKB	IL17A	9606.ENSP00000430684	9606.ENSP00000497968	0	0	0	0	0	0	0	0.448	0.448
IKBKB	MYD88	9606.ENSP00000430684	9606.ENSP00000498321	0	0	0	0	0.071	0.331	0.500	0.873	0.955
IL10	TIMP1	9606.ENSP00000412237	9606.ENSP00000218388	0	0	0	0	0.128	0	0.750	0.806	0.954
IL10	MMP2	9606.ENSP00000412237	9606.ENSP00000219070	0	0	0	0	0	0	0.400	0.619	0.761
IL10	TGFB1	9606.ENSP00000412237	9606.ENSP00000221930	0	0	0	0	0	0	0.400	0.891	0.932
IL10	SERPINE1	9606.ENSP00000412237	9606.ENSP00000223095	0	0	0	0	0	0	0	0.600	0.600
IL10	IL2	9606.ENSP00000412237	9606.ENSP00000226730	0	0	0	0	0.056	0	0	0.963	0.964
IL10	IL4	9606.ENSP00000412237	9606.ENSP00000231449	0	0	0	0	0.043	0	0	0.986	0.986
IL10	IL5	9606.ENSP00000412237	9606.ENSP00000231454	0	0	0	0	0	0	0	0.982	0.982
IL10	KRAS	9606.ENSP00000412237	9606.ENSP00000256078	0	0	0	0	0.078	0	0	0.437	0.459
IL10	MMP7	9606.ENSP00000412237	9606.ENSP00000260227	0	0	0	0	0.048	0	0	0.456	0.460
IL10	MMP13	9606.ENSP00000412237	9606.ENSP00000260302	0	0	0	0	0	0	0	0.532	0.532
IL10	TIMP2	9606.ENSP00000412237	9606.ENSP00000262768	0	0	0	0	0.110	0	0	0.565	0.596
IL10	MAPK3	9606.ENSP00000412237	9606.ENSP00000263025	0	0	0	0	0	0	0	0.624	0.624
IL10	IL1B	9606.ENSP00000412237	9606.ENSP00000263341	0	0	0	0	0.409	0	0.400	0.978	0.991
IL10	STAT3	9606.ENSP00000412237	9606.ENSP00000264657	0	0	0	0	0.057	0.301	0.500	0.916	0.968
IL10	SOD1	9606.ENSP00000412237	9606.ENSP00000270142	0	0	0	0	0	0	0	0.467	0.467
IL10	PPARG	9606.ENSP00000412237	9606.ENSP00000287820	0	0	0	0	0.047	0	0	0.731	0.733
IL10	MMP3	9606.ENSP00000412237	9606.ENSP00000299855	0	0	0	0	0	0	0.400	0.740	0.837
IL10	IL13	9606.ENSP00000412237	9606.ENSP00000304915	0	0	0	0	0.043	0	0	0.952	0.952
IL10	NQO1	9606.ENSP00000412237	9606.ENSP00000319788	0	0	0	0	0	0	0	0.401	0.401
IL10	MTOR	9606.ENSP00000412237	9606.ENSP00000354558	0	0	0	0	0	0	0	0.740	0.740
IL10	PTGS2	9606.ENSP00000412237	9606.ENSP00000356438	0	0	0	0	0.056	0	0	0.786	0.789
IL10	JUN	9606.ENSP00000412237	9606.ENSP00000360266	0	0	0	0	0	0	0	0.677	0.677
IL10	MMP9	9606.ENSP00000412237	9606.ENSP00000361405	0	0	0	0	0.053	0	0.400	0.808	0.881
IL10	PLAU	9606.ENSP00000412237	9606.ENSP00000361850	0	0	0	0	0.044	0	0	0.416	0.418
IL10	TLR4	9606.ENSP00000412237	9606.ENSP00000363089	0	0	0	0	0.068	0.079	0	0.939	0.943
IL10	THBD	9606.ENSP00000412237	9606.ENSP00000366307	0	0	0	0	0.049	0	0	0.543	0.546
IL10	KEAP1	9606.ENSP00000412237	9606.ENSP00000377245	0	0	0	0	0.104	0	0	0.423	0.461
IL10	MAPK8	9606.ENSP00000412237	9606.ENSP00000378974	0	0	0	0	0	0	0	0.626	0.626
IL10	RELA	9606.ENSP00000412237	9606.ENSP00000384273	0	0	0	0	0	0	0	0.701	0.701
IL10	SAA1	9606.ENSP00000412237	9606.ENSP00000384906	0	0	0	0	0	0	0.400	0.625	0.765
IL10	IL6	9606.ENSP00000412237	9606.ENSP00000385675	0	0	0	0	0.130	0	0.800	0.988	0.997
IL10	TNF	9606.ENSP00000412237	9606.ENSP00000398698	0	0	0	0	0.234	0	0.400	0.984	0.992
IL10	SOD2	9606.ENSP00000412237	9606.ENSP00000446252	0	0	0	0	0.074	0	0	0.416	0.436
IL10	SAA2	9606.ENSP00000412237	9606.ENSP00000436126	0	0	0	0	0	0	0	0.616	0.616
IL10	MYD88	9606.ENSP00000412237	9606.ENSP00000498321	0	0	0	0	0.047	0	0	0.897	0.898
IL10	IL17A	9606.ENSP00000412237	9606.ENSP00000497968	0	0	0	0	0.119	0	0.400	0.965	0.980
IL13	TIMP1	9606.ENSP00000304915	9606.ENSP00000218388	0	0	0	0	0	0	0	0.702	0.702
IL13	MMP2	9606.ENSP00000304915	9606.ENSP00000219070	0	0	0	0	0.055	0	0	0.611	0.616
IL13	TGFB1	9606.ENSP00000304915	9606.ENSP00000221930	0	0	0	0	0.054	0	0	0.814	0.816
IL13	SERPINE1	9606.ENSP00000304915	9606.ENSP00000223095	0	0	0	0	0.060	0	0	0.431	0.442
IL13	IL2	9606.ENSP00000304915	9606.ENSP00000226730	0	0	0	0	0.200	0	0	0.922	0.934
IL13	IL4	9606.ENSP00000304915	9606.ENSP00000231449	0	0	0	0	0.301	0	0	0.991	0.993
IL13	IL5	9606.ENSP00000304915	9606.ENSP00000231454	0	0	0	0	0.406	0	0	0.986	0.991
IL13	MMP13	9606.ENSP00000304915	9606.ENSP00000260302	0	0	0	0	0.055	0	0	0.573	0.579
IL13	MAPK3	9606.ENSP00000304915	9606.ENSP00000263025	0	0	0	0	0.056	0	0	0.479	0.487
IL13	IL1B	9606.ENSP00000304915	9606.ENSP00000263341	0	0	0	0	0.087	0	0.400	0.922	0.953
IL13	STAT3	9606.ENSP00000304915	9606.ENSP00000264657	0	0	0	0	0	0	0.500	0.699	0.843
IL13	PPARG	9606.ENSP00000304915	9606.ENSP00000287820	0	0	0	0	0	0	0	0.681	0.681
IL13	MMP3	9606.ENSP00000304915	9606.ENSP00000299855	0	0	0	0	0.055	0	0	0.474	0.481
IL13	SAA2	9606.ENSP00000304915	9606.ENSP00000436126	0	0	0	0	0.042	0	0	0.531	0.531
IL13	SAA1	9606.ENSP00000304915	9606.ENSP00000384906	0	0	0	0	0	0	0	0.537	0.537
IL13	JUN	9606.ENSP00000304915	9606.ENSP00000360266	0	0	0	0	0	0	0	0.544	0.544
IL13	PLAU	9606.ENSP00000304915	9606.ENSP00000361850	0	0	0	0	0	0	0	0.550	0.550
IL13	PTGS2	9606.ENSP00000304915	9606.ENSP00000356438	0	0	0	0	0.047	0	0	0.575	0.577
IL13	MYD88	9606.ENSP00000304915	9606.ENSP00000498321	0	0	0	0	0	0	0	0.728	0.728
IL13	MMP9	9606.ENSP00000304915	9606.ENSP00000361405	0	0	0	0	0.055	0	0	0.756	0.759
IL13	TLR4	9606.ENSP00000304915	9606.ENSP00000363089	0	0	0	0	0.056	0	0	0.803	0.806
IL13	IL17A	9606.ENSP00000304915	9606.ENSP00000497968	0	0	0	0	0.104	0	0	0.936	0.940
IL13	TNF	9606.ENSP00000304915	9606.ENSP00000398698	0	0	0	0	0.068	0	0.400	0.930	0.957
IL13	IL6	9606.ENSP00000304915	9606.ENSP00000385675	0	0	0	0	0.061	0	0.400	0.929	0.957
IL17A	TIMP1	9606.ENSP00000497968	9606.ENSP00000218388	0	0	0	0	0	0	0.400	0.542	0.713
IL17A	MMP2	9606.ENSP00000497968	9606.ENSP00000219070	0	0	0	0	0.069	0	0.400	0.506	0.699
IL17A	TGFB1	9606.ENSP00000497968	9606.ENSP00000221930	0	0	0	0	0.046	0	0.400	0.844	0.903
IL17A	SERPINE1	9606.ENSP00000497968	9606.ENSP00000223095	0	0	0	0	0.062	0	0	0.448	0.460
IL17A	IL2	9606.ENSP00000497968	9606.ENSP00000226730	0	0	0	0	0.344	0.623	0	0.942	0.984
IL17A	IL4	9606.ENSP00000497968	9606.ENSP00000231449	0	0	0	0	0.119	0	0	0.955	0.959
IL17A	IL5	9606.ENSP00000497968	9606.ENSP00000231454	0	0	0	0	0.126	0	0	0.933	0.939
IL17A	MMP7	9606.ENSP00000497968	9606.ENSP00000260227	0	0	0	0	0.069	0	0	0.407	0.424
IL17A	MMP13	9606.ENSP00000497968	9606.ENSP00000260302	0	0	0	0	0.069	0	0	0.488	0.504
IL17A	MAPK3	9606.ENSP00000497968	9606.ENSP00000263025	0	0	0	0	0.055	0	0	0.720	0.724
IL17A	IL1B	9606.ENSP00000497968	9606.ENSP00000263341	0	0	0	0	0.094	0	0	0.960	0.962
IL17A	STAT3	9606.ENSP00000497968	9606.ENSP00000264657	0	0	0	0	0	0.104	0.500	0.886	0.944
IL17A	PPARG	9606.ENSP00000497968	9606.ENSP00000287820	0	0	0	0	0.045	0	0	0.544	0.545
IL17A	MMP3	9606.ENSP00000497968	9606.ENSP00000299855	0	0	0	0	0.090	0	0.400	0.602	0.763
IL17A	MTOR	9606.ENSP00000497968	9606.ENSP00000354558	0	0	0	0	0	0	0	0.506	0.506
IL17A	PTGS2	9606.ENSP00000497968	9606.ENSP00000356438	0	0	0	0	0.059	0	0	0.635	0.642
IL17A	S100A7	9606.ENSP00000497968	9606.ENSP00000357711	0	0	0	0	0.050	0	0	0.582	0.585
IL17A	JUN	9606.ENSP00000497968	9606.ENSP00000360266	0	0	0	0	0	0	0	0.582	0.582
IL17A	MMP9	9606.ENSP00000497968	9606.ENSP00000361405	0	0	0	0	0.069	0	0.400	0.694	0.814
IL17A	TLR4	9606.ENSP00000497968	9606.ENSP00000363089	0	0	0	0	0	0	0	0.867	0.867
IL17A	RELA	9606.ENSP00000497968	9606.ENSP00000384273	0	0	0	0	0	0	0	0.496	0.496
IL17A	SAA1	9606.ENSP00000497968	9606.ENSP00000384906	0	0	0	0	0	0	0.400	0.434	0.645
IL17A	IL6	9606.ENSP00000497968	9606.ENSP00000385675	0	0	0	0	0.073	0	0.400	0.968	0.980
IL17A	TNF	9606.ENSP00000497968	9606.ENSP00000398698	0	0	0	0	0.068	0	0	0.957	0.958
IL17A	SAA2	9606.ENSP00000497968	9606.ENSP00000436126	0	0	0	0	0.049	0	0	0.417	0.421
IL17A	MYD88	9606.ENSP00000497968	9606.ENSP00000498321	0	0	0	0	0.057	0	0	0.822	0.824
IL1B	MAPK1	9606.ENSP00000263341	9606.ENSP00000215832	0	0	0	0	0.052	0	0	0.649	0.653
IL1B	PROCR	9606.ENSP00000263341	9606.ENSP00000216968	0	0	0	0	0.093	0	0	0.392	0.425
IL1B	TIMP1	9606.ENSP00000263341	9606.ENSP00000218388	0	0	0	0	0.164	0	0	0.761	0.791
IL1B	MMP2	9606.ENSP00000263341	9606.ENSP00000219070	0	0	0	0	0.079	0.087	0	0.721	0.745
IL1B	TGFB1	9606.ENSP00000263341	9606.ENSP00000221930	0	0	0	0	0.140	0	0	0.924	0.932
IL1B	SERPINE1	9606.ENSP00000263341	9606.ENSP00000223095	0	0	0	0	0.125	0	0	0.721	0.746
IL1B	VTN	9606.ENSP00000263341	9606.ENSP00000226218	0	0	0	0	0.055	0.051	0	0.449	0.463
IL1B	IL2	9606.ENSP00000263341	9606.ENSP00000226730	0	0	0	0	0.073	0	0	0.999	0.999
IL1B	IL4	9606.ENSP00000263341	9606.ENSP00000231449	0	0	0	0	0.072	0	0.400	0.998	0.998
IL1B	IL5	9606.ENSP00000263341	9606.ENSP00000231454	0	0	0	0	0.104	0	0	0.998	0.998
IL1B	KRAS	9606.ENSP00000263341	9606.ENSP00000256078	0	0	0	0	0.067	0	0	0.471	0.485
IL1B	ORM1	9606.ENSP00000263341	9606.ENSP00000259396	0	0	0	0	0.048	0	0	0.481	0.485
IL1B	MMP7	9606.ENSP00000263341	9606.ENSP00000260227	0	0	0	0	0.093	0.051	0	0.724	0.742
IL1B	MMP13	9606.ENSP00000263341	9606.ENSP00000260302	0	0	0	0	0.089	0.070	0	0.808	0.823
IL1B	TIMP2	9606.ENSP00000263341	9606.ENSP00000262768	0	0	0	0	0.111	0	0	0.594	0.624
IL1B	MAPK3	9606.ENSP00000263341	9606.ENSP00000263025	0	0	0	0	0.052	0	0	0.859	0.860
IL1B	S100A7	9606.ENSP00000263341	9606.ENSP00000357711	0	0	0	0	0.050	0	0	0.474	0.478
IL1B	PLAUR	9606.ENSP00000263341	9606.ENSP00000339328	0	0	0	0	0.349	0	0	0.414	0.602
IL1B	KEAP1	9606.ENSP00000263341	9606.ENSP00000377245	0	0	0	0	0	0	0	0.622	0.622
IL1B	NQO1	9606.ENSP00000263341	9606.ENSP00000319788	0	0	0	0	0	0	0	0.626	0.626
IL1B	THBD	9606.ENSP00000263341	9606.ENSP00000366307	0	0	0	0	0.149	0	0	0.582	0.629
IL1B	SOD1	9606.ENSP00000263341	9606.ENSP00000270142	0	0	0	0	0	0	0	0.645	0.645
IL1B	MTOR	9606.ENSP00000263341	9606.ENSP00000354558	0	0	0	0	0	0	0	0.667	0.667
IL1B	SAA2	9606.ENSP00000263341	9606.ENSP00000436126	0	0	0	0	0.056	0	0	0.697	0.701
IL1B	SAA1	9606.ENSP00000263341	9606.ENSP00000384906	0	0	0	0	0.058	0	0	0.726	0.730
IL1B	PLAU	9606.ENSP00000263341	9606.ENSP00000361850	0	0	0	0	0.197	0	0	0.720	0.765
IL1B	SOD2	9606.ENSP00000263341	9606.ENSP00000446252	0	0	0	0	0.305	0	0	0.733	0.806
IL1B	MMP3	9606.ENSP00000263341	9606.ENSP00000299855	0	0	0	0	0.117	0.071	0	0.812	0.832
IL1B	MAPK8	9606.ENSP00000263341	9606.ENSP00000378974	0	0	0	0	0	0	0	0.845	0.845
IL1B	PPARG	9606.ENSP00000263341	9606.ENSP00000287820	0	0	0	0	0.104	0	0	0.848	0.858
IL1B	STAT3	9606.ENSP00000263341	9606.ENSP00000264657	0	0	0	0	0.069	0	0.500	0.877	0.938
IL1B	MMP9	9606.ENSP00000263341	9606.ENSP00000361405	0	0	0	0	0.275	0.051	0	0.932	0.949
IL1B	PTGS2	9606.ENSP00000263341	9606.ENSP00000356438	0	0	0	0	0.656	0	0	0.928	0.974
IL1B	TLR4	9606.ENSP00000263341	9606.ENSP00000363089	0	0	0	0	0.181	0	0	0.984	0.986
IL1B	JUN	9606.ENSP00000263341	9606.ENSP00000360266	0	0	0	0	0.166	0	0.900	0.857	0.987
IL1B	RELA	9606.ENSP00000263341	9606.ENSP00000384273	0	0	0	0	0.118	0	0.900	0.903	0.990
IL1B	IL6	9606.ENSP00000263341	9606.ENSP00000385675	0	0	0	0	0.515	0	0.400	0.989	0.996
IL1B	TNF	9606.ENSP00000263341	9606.ENSP00000398698	0	0	0	0	0.616	0	0.400	0.993	0.998
IL1B	MYD88	9606.ENSP00000263341	9606.ENSP00000498321	0	0	0	0	0.115	0	0.500	0.998	0.999
IL2	MAPK1	9606.ENSP00000226730	9606.ENSP00000215832	0	0	0	0	0.058	0.045	0	0.398	0.411
IL2	TIMP1	9606.ENSP00000226730	9606.ENSP00000218388	0	0	0	0	0	0	0	0.487	0.487
IL2	MMP2	9606.ENSP00000226730	9606.ENSP00000219070	0	0	0	0	0.053	0	0	0.465	0.472
IL2	TGFB1	9606.ENSP00000226730	9606.ENSP00000221930	0	0	0	0	0	0	0	0.763	0.763
IL2	SERPINE1	9606.ENSP00000226730	9606.ENSP00000223095	0	0	0	0	0	0	0	0.417	0.417
IL2	THBD	9606.ENSP00000226730	9606.ENSP00000366307	0	0	0	0	0	0.053	0	0.404	0.411
IL2	MAPK8	9606.ENSP00000226730	9606.ENSP00000378974	0	0	0	0	0.042	0	0	0.419	0.420
IL2	MMP3	9606.ENSP00000226730	9606.ENSP00000299855	0	0	0	0	0.053	0	0	0.464	0.471
IL2	PPARG	9606.ENSP00000226730	9606.ENSP00000287820	0	0	0	0	0	0	0	0.484	0.484
IL2	PIK3CB	9606.ENSP00000226730	9606.ENSP00000501150	0	0	0	0	0	0	0.400	0.206	0.503
IL2	PLAU	9606.ENSP00000226730	9606.ENSP00000361850	0	0	0	0	0	0	0	0.542	0.542
IL2	PIK3CA	9606.ENSP00000226730	9606.ENSP00000263967	0	0	0	0	0	0	0.400	0.290	0.555
IL2	MAPK3	9606.ENSP00000226730	9606.ENSP00000263025	0	0	0	0	0.058	0.045	0	0.583	0.593
IL2	MMP9	9606.ENSP00000226730	9606.ENSP00000361405	0	0	0	0	0.053	0	0	0.596	0.601
IL2	NRAS	9606.ENSP00000226730	9606.ENSP00000358548	0	0	0	0	0	0	0.400	0.364	0.602
IL2	PTGS2	9606.ENSP00000226730	9606.ENSP00000356438	0	0	0	0	0.043	0	0	0.606	0.607
IL2	MTOR	9606.ENSP00000226730	9606.ENSP00000354558	0	0	0	0	0	0	0	0.612	0.612
IL2	MYD88	9606.ENSP00000226730	9606.ENSP00000498321	0	0	0	0	0	0	0	0.714	0.714
IL2	TLR4	9606.ENSP00000226730	9606.ENSP00000363089	0	0	0	0	0	0	0	0.731	0.731
IL2	JUN	9606.ENSP00000226730	9606.ENSP00000360266	0	0	0	0	0	0.292	0	0.640	0.734
IL2	KRAS	9606.ENSP00000226730	9606.ENSP00000256078	0	0	0	0	0	0	0.400	0.615	0.759
IL2	STAT3	9606.ENSP00000226730	9606.ENSP00000264657	0	0	0	0	0.056	0	0	0.826	0.828
IL2	RELA	9606.ENSP00000226730	9606.ENSP00000384273	0	0	0	0	0	0.516	0	0.681	0.839
IL2	TNF	9606.ENSP00000226730	9606.ENSP00000398698	0	0	0	0	0.072	0	0	0.955	0.957
IL2	IL4	9606.ENSP00000226730	9606.ENSP00000231449	0	0	0	0	0.432	0	0	0.999	0.999
IL2	IL6	9606.ENSP00000226730	9606.ENSP00000385675	0	0	0	0	0.055	0	0	0.999	0.999
IL2	IL5	9606.ENSP00000226730	9606.ENSP00000231454	0	0	0	0	0.266	0	0.400	0.999	0.999
IL4	MAPK1	9606.ENSP00000231449	9606.ENSP00000215832	0	0	0	0	0.060	0.060	0	0.509	0.528
IL4	TIMP1	9606.ENSP00000231449	9606.ENSP00000218388	0	0	0	0	0	0	0	0.720	0.720
IL4	MMP2	9606.ENSP00000231449	9606.ENSP00000219070	0	0	0	0	0.052	0	0	0.505	0.510
IL4	TGFB1	9606.ENSP00000231449	9606.ENSP00000221930	0	0	0	0	0.056	0	0	0.850	0.852
IL4	SERPINE1	9606.ENSP00000231449	9606.ENSP00000223095	0	0	0	0	0	0	0	0.447	0.447
IL4	MAPK8	9606.ENSP00000231449	9606.ENSP00000378974	0	0	0	0	0	0	0	0.418	0.418
IL4	PIK3CA	9606.ENSP00000231449	9606.ENSP00000263967	0	0	0	0	0	0	0	0.435	0.435
IL4	MMP7	9606.ENSP00000231449	9606.ENSP00000260227	0	0	0	0	0.086	0	0	0.411	0.439
IL4	THBD	9606.ENSP00000231449	9606.ENSP00000366307	0	0	0	0	0	0.045	0	0.447	0.449
IL4	MMP13	9606.ENSP00000231449	9606.ENSP00000260302	0	0	0	0	0.052	0	0	0.442	0.449
IL4	MAPK3	9606.ENSP00000231449	9606.ENSP00000263025	0	0	0	0	0.060	0.060	0	0.571	0.587
IL4	JUN	9606.ENSP00000231449	9606.ENSP00000360266	0	0	0	0	0	0	0	0.608	0.608
IL4	RELA	9606.ENSP00000231449	9606.ENSP00000384273	0	0	0	0	0	0.045	0	0.643	0.644
IL4	MMP3	9606.ENSP00000231449	9606.ENSP00000299855	0	0	0	0	0.052	0	0	0.651	0.655
IL4	PPARG	9606.ENSP00000231449	9606.ENSP00000287820	0	0	0	0	0	0	0	0.681	0.681
IL4	MMP9	9606.ENSP00000231449	9606.ENSP00000361405	0	0	0	0	0.052	0	0	0.684	0.687
IL4	MTOR	9606.ENSP00000231449	9606.ENSP00000354558	0	0	0	0	0	0.411	0	0.584	0.744
IL4	PTGS2	9606.ENSP00000231449	9606.ENSP00000356438	0	0	0	0	0.049	0	0	0.763	0.764
IL4	MYD88	9606.ENSP00000231449	9606.ENSP00000498321	0	0	0	0	0	0.071	0	0.791	0.797
IL4	TLR4	9606.ENSP00000231449	9606.ENSP00000363089	0	0	0	0	0	0	0	0.869	0.869
IL4	STAT3	9606.ENSP00000231449	9606.ENSP00000264657	0	0	0	0	0	0	0.500	0.848	0.920
IL4	TNF	9606.ENSP00000231449	9606.ENSP00000398698	0	0	0	0	0.055	0	0.400	0.963	0.977
IL4	IL6	9606.ENSP00000231449	9606.ENSP00000385675	0	0	0	0	0.044	0	0.400	0.978	0.986
IL4	IL5	9606.ENSP00000231449	9606.ENSP00000231454	0	0	0	0	0.351	0	0	0.983	0.988
IL5	TIMP1	9606.ENSP00000231454	9606.ENSP00000218388	0	0	0	0	0	0	0	0.445	0.445
IL5	TGFB1	9606.ENSP00000231454	9606.ENSP00000221930	0	0	0	0	0.056	0	0	0.665	0.670
IL5	MAPK3	9606.ENSP00000231454	9606.ENSP00000263025	0	0	0	0	0.060	0	0	0.400	0.411
IL5	PPARG	9606.ENSP00000231454	9606.ENSP00000287820	0	0	0	0	0	0	0	0.417	0.416
IL5	PIK3CB	9606.ENSP00000231454	9606.ENSP00000501150	0	0	0	0	0	0	0.400	0.076	0.421
IL5	NRAS	9606.ENSP00000231454	9606.ENSP00000358548	0	0	0	0	0	0	0.400	0.086	0.428
IL5	PIK3CA	9606.ENSP00000231454	9606.ENSP00000263967	0	0	0	0	0	0	0.400	0.108	0.441
IL5	PTGS2	9606.ENSP00000231454	9606.ENSP00000356438	0	0	0	0	0.062	0	0	0.454	0.466
IL5	JUN	9606.ENSP00000231454	9606.ENSP00000360266	0	0	0	0	0	0	0	0.476	0.476
IL5	KRAS	9606.ENSP00000231454	9606.ENSP00000256078	0	0	0	0	0	0	0.400	0.182	0.488
IL5	MMP3	9606.ENSP00000231454	9606.ENSP00000299855	0	0	0	0	0	0	0	0.531	0.531
IL5	MMP9	9606.ENSP00000231454	9606.ENSP00000361405	0	0	0	0	0	0	0	0.532	0.532
IL5	STAT3	9606.ENSP00000231454	9606.ENSP00000264657	0	0	0	0	0	0	0	0.595	0.595
IL5	TLR4	9606.ENSP00000231454	9606.ENSP00000363089	0	0	0	0	0	0	0	0.677	0.677
IL5	MYD88	9606.ENSP00000231454	9606.ENSP00000498321	0	0	0	0	0	0	0	0.698	0.698
IL5	TNF	9606.ENSP00000231454	9606.ENSP00000398698	0	0	0	0	0.054	0	0	0.929	0.930
IL5	IL6	9606.ENSP00000231454	9606.ENSP00000385675	0	0	0	0	0.042	0	0	0.977	0.977
IL6	MAPK1	9606.ENSP00000385675	9606.ENSP00000215832	0	0	0	0	0.055	0	0.400	0.897	0.936
IL6	PROCR	9606.ENSP00000385675	9606.ENSP00000216968	0	0	0	0	0.054	0	0	0.400	0.408
IL6	TIMP1	9606.ENSP00000385675	9606.ENSP00000218388	0	0	0	0	0.152	0	0.400	0.888	0.938
IL6	MMP2	9606.ENSP00000385675	9606.ENSP00000219070	0	0	0	0	0.116	0	0.400	0.734	0.847
IL6	TGFB1	9606.ENSP00000385675	9606.ENSP00000221930	0	0	0	0	0.106	0	0.400	0.932	0.960
IL6	SERPINE1	9606.ENSP00000385675	9606.ENSP00000223095	0	0	0	0	0.258	0	0	0.804	0.849
IL6	VTN	9606.ENSP00000385675	9606.ENSP00000226218	0	0	0	0	0.057	0	0	0.648	0.654
IL6	TFPI	9606.ENSP00000385675	9606.ENSP00000233156	0	0	0	0	0.063	0	0	0.418	0.431
IL6	KRAS	9606.ENSP00000385675	9606.ENSP00000256078	0	0	0	0	0.059	0	0	0.820	0.823
IL6	ORM1	9606.ENSP00000385675	9606.ENSP00000259396	0	0	0	0	0.047	0	0	0.586	0.589
IL6	MMP7	9606.ENSP00000385675	9606.ENSP00000260227	0	0	0	0	0.082	0	0	0.590	0.608
IL6	MMP13	9606.ENSP00000385675	9606.ENSP00000260302	0	0	0	0	0.091	0	0	0.743	0.757
IL6	TIMP2	9606.ENSP00000385675	9606.ENSP00000262768	0	0	0	0	0.086	0	0	0.789	0.799
IL6	MAPK3	9606.ENSP00000385675	9606.ENSP00000263025	0	0	0	0	0.055	0	0.400	0.846	0.905
IL6	PIK3CA	9606.ENSP00000385675	9606.ENSP00000263967	0	0	0	0	0	0	0	0.442	0.442
IL6	STAT3	9606.ENSP00000385675	9606.ENSP00000264657	0	0	0	0	0.102	0.095	0.500	0.965	0.984
IL6	VCAN	9606.ENSP00000385675	9606.ENSP00000265077	0	0	0.209	0	0.049	0	0	0.385	0.497
IL6	SOD1	9606.ENSP00000385675	9606.ENSP00000270142	0	0	0	0	0	0	0	0.584	0.584
IL6	PPARG	9606.ENSP00000385675	9606.ENSP00000287820	0	0	0	0	0.082	0	0	0.812	0.820
IL6	MMP3	9606.ENSP00000385675	9606.ENSP00000299855	0	0	0	0	0.160	0	0.400	0.795	0.887
IL6	NQO1	9606.ENSP00000385675	9606.ENSP00000319788	0	0	0	0	0	0	0	0.613	0.613
IL6	PLAUR	9606.ENSP00000385675	9606.ENSP00000339328	0	0	0	0	0.246	0	0	0.702	0.765
IL6	MTOR	9606.ENSP00000385675	9606.ENSP00000354558	0	0	0	0	0	0	0	0.772	0.772
IL6	PTGS2	9606.ENSP00000385675	9606.ENSP00000356438	0	0	0	0	0.484	0	0	0.926	0.960
IL6	S100A7	9606.ENSP00000385675	9606.ENSP00000357711	0	0	0	0	0.049	0	0	0.447	0.451
IL6	JUN	9606.ENSP00000385675	9606.ENSP00000360266	0	0	0	0	0.140	0	0.900	0.882	0.989
IL6	MMP9	9606.ENSP00000385675	9606.ENSP00000361405	0	0	0	0	0.106	0	0.400	0.930	0.959
IL6	PLAU	9606.ENSP00000385675	9606.ENSP00000361850	0	0	0	0	0.140	0	0	0.736	0.763
IL6	TLR4	9606.ENSP00000385675	9606.ENSP00000363089	0	0	0	0	0.104	0	0	0.971	0.973
IL6	THBD	9606.ENSP00000385675	9606.ENSP00000366307	0	0	0	0	0.098	0	0	0.629	0.651
IL6	KEAP1	9606.ENSP00000385675	9606.ENSP00000377245	0	0	0	0	0	0	0	0.617	0.617
IL6	MAPK8	9606.ENSP00000385675	9606.ENSP00000378974	0	0	0	0	0	0	0	0.938	0.938
IL6	RELA	9606.ENSP00000385675	9606.ENSP00000384273	0	0	0	0	0.108	0.292	0.900	0.816	0.986
IL6	SAA1	9606.ENSP00000385675	9606.ENSP00000384906	0	0	0	0	0.074	0	0.400	0.844	0.905
IL6	SOD2	9606.ENSP00000385675	9606.ENSP00000446252	0	0	0	0	0.166	0	0	0.603	0.654
IL6	SAA2	9606.ENSP00000385675	9606.ENSP00000436126	0	0	0	0	0.084	0	0	0.838	0.845
IL6	MYD88	9606.ENSP00000385675	9606.ENSP00000498321	0	0	0	0	0.107	0	0	0.945	0.949
IL6	TNF	9606.ENSP00000385675	9606.ENSP00000398698	0	0	0	0	0.261	0	0.400	0.989	0.994
JUN	MAPK1	9606.ENSP00000360266	9606.ENSP00000215832	0	0	0	0	0	0.771	0.900	0.958	0.998
JUN	TIMP1	9606.ENSP00000360266	9606.ENSP00000218388	0	0	0	0	0.062	0	0	0.695	0.701
JUN	MMP2	9606.ENSP00000360266	9606.ENSP00000219070	0	0	0	0	0	0	0	0.633	0.633
JUN	TGFB1	9606.ENSP00000360266	9606.ENSP00000221930	0	0	0	0	0.103	0	0	0.703	0.722
JUN	SERPINE1	9606.ENSP00000360266	9606.ENSP00000223095	0	0	0	0	0.074	0	0	0.572	0.586
JUN	KRAS	9606.ENSP00000360266	9606.ENSP00000256078	0	0	0	0	0.067	0.097	0	0.589	0.624
JUN	MMP7	9606.ENSP00000360266	9606.ENSP00000260227	0	0	0	0	0.042	0	0	0.517	0.517
JUN	MMP13	9606.ENSP00000360266	9606.ENSP00000260302	0	0	0	0	0	0	0	0.575	0.575
JUN	TIMP2	9606.ENSP00000360266	9606.ENSP00000262768	0	0	0	0	0.062	0	0	0.403	0.416
JUN	MAPK3	9606.ENSP00000360266	9606.ENSP00000263025	0	0	0	0	0	0.323	0.900	0.824	0.987
JUN	PIK3CA	9606.ENSP00000360266	9606.ENSP00000263967	0	0	0	0	0	0	0	0.646	0.646
JUN	STAT3	9606.ENSP00000360266	9606.ENSP00000264657	0	0	0	0	0.061	0.328	0	0.993	0.995
JUN	SOD1	9606.ENSP00000360266	9606.ENSP00000270142	0	0	0	0	0.043	0	0	0.474	0.476
JUN	PPARG	9606.ENSP00000360266	9606.ENSP00000287820	0	0	0	0	0	0.057	0.500	0.706	0.849
JUN	MMP3	9606.ENSP00000360266	9606.ENSP00000299855	0	0	0	0	0	0	0	0.587	0.587
JUN	NQO1	9606.ENSP00000360266	9606.ENSP00000319788	0	0	0	0	0	0	0	0.522	0.522
JUN	MTOR	9606.ENSP00000360266	9606.ENSP00000354558	0	0	0	0	0	0.098	0	0.697	0.715
JUN	PTGS2	9606.ENSP00000360266	9606.ENSP00000356438	0	0	0	0	0.166	0	0	0.846	0.866
JUN	NRAS	9606.ENSP00000360266	9606.ENSP00000358548	0	0	0	0	0.067	0.097	0	0.466	0.510
JUN	SOD2	9606.ENSP00000360266	9606.ENSP00000446252	0	0	0	0	0.048	0	0	0.452	0.456
JUN	PIK3CB	9606.ENSP00000360266	9606.ENSP00000501150	0	0	0	0	0	0	0	0.508	0.508
JUN	PLAU	9606.ENSP00000360266	9606.ENSP00000361850	0	0	0	0	0.056	0	0	0.508	0.516
JUN	KEAP1	9606.ENSP00000360266	9606.ENSP00000377245	0	0	0	0	0.045	0	0	0.592	0.594
JUN	RAF1	9606.ENSP00000360266	9606.ENSP00000401888	0	0	0	0	0	0.085	0	0.583	0.602
JUN	TLR4	9606.ENSP00000360266	9606.ENSP00000363089	0	0	0	0	0	0	0	0.741	0.741
JUN	MYD88	9606.ENSP00000360266	9606.ENSP00000498321	0	0	0	0	0	0	0	0.756	0.756
JUN	MMP9	9606.ENSP00000360266	9606.ENSP00000361405	0	0	0	0	0	0.510	0	0.738	0.866
JUN	RELA	9606.ENSP00000360266	9606.ENSP00000384273	0	0	0	0	0.087	0.271	0	0.980	0.986
JUN	TNF	9606.ENSP00000360266	9606.ENSP00000398698	0	0	0	0	0.151	0	0.900	0.881	0.989
JUN	MAPK8	9606.ENSP00000360266	9606.ENSP00000378974	0	0	0	0	0.049	0.997	0.900	0.978	0.999
KEAP1	TGFB1	9606.ENSP00000377245	9606.ENSP00000221930	0	0	0	0	0.044	0	0	0.444	0.446
KEAP1	KRAS	9606.ENSP00000377245	9606.ENSP00000256078	0	0	0	0	0.099	0.097	0	0.623	0.667
KEAP1	MAPK3	9606.ENSP00000377245	9606.ENSP00000263025	0	0	0	0	0.073	0	0	0.487	0.504
KEAP1	PIK3CA	9606.ENSP00000377245	9606.ENSP00000263967	0	0	0	0	0	0	0	0.480	0.480
KEAP1	STAT3	9606.ENSP00000377245	9606.ENSP00000264657	0	0	0	0	0.079	0	0	0.645	0.659
KEAP1	SOD1	9606.ENSP00000377245	9606.ENSP00000270142	0	0	0	0	0.049	0	0	0.627	0.630
KEAP1	PPARG	9606.ENSP00000377245	9606.ENSP00000287820	0	0	0	0	0.054	0	0	0.560	0.566
KEAP1	NQO1	9606.ENSP00000377245	9606.ENSP00000319788	0	0	0	0	0.044	0	0	0.953	0.953
KEAP1	MTOR	9606.ENSP00000377245	9606.ENSP00000354558	0	0	0	0	0.074	0	0	0.514	0.531
KEAP1	PTGS2	9606.ENSP00000377245	9606.ENSP00000356438	0	0	0	0	0	0	0	0.539	0.539
KEAP1	NRAS	9606.ENSP00000377245	9606.ENSP00000358548	0	0	0	0	0.120	0.097	0	0.353	0.441
KEAP1	MMP9	9606.ENSP00000377245	9606.ENSP00000361405	0	0	0	0	0	0	0	0.405	0.405
KEAP1	TLR4	9606.ENSP00000377245	9606.ENSP00000363089	0	0	0	0	0.058	0	0	0.505	0.514
KEAP1	MAPK8	9606.ENSP00000377245	9606.ENSP00000378974	0	0	0	0	0.095	0	0	0.400	0.434
KEAP1	RAF1	9606.ENSP00000377245	9606.ENSP00000401888	0	0	0	0	0.080	0.366	0	0.220	0.505
KEAP1	TNF	9606.ENSP00000377245	9606.ENSP00000398698	0	0	0	0	0	0	0	0.591	0.591
KEAP1	SOD2	9606.ENSP00000377245	9606.ENSP00000446252	0	0	0	0	0	0	0	0.602	0.602
KEAP1	RELA	9606.ENSP00000377245	9606.ENSP00000384273	0	0	0	0	0.067	0.370	0	0.931	0.956
KRAS	MAPK1	9606.ENSP00000256078	9606.ENSP00000215832	0	0	0	0	0.088	0.495	0.900	0.771	0.988
KRAS	MMP2	9606.ENSP00000256078	9606.ENSP00000219070	0	0	0	0	0.055	0	0	0.447	0.455
KRAS	TGFB1	9606.ENSP00000256078	9606.ENSP00000221930	0	0	0	0	0.061	0.045	0	0.525	0.537
KRAS	TLR4	9606.ENSP00000256078	9606.ENSP00000363089	0	0	0	0	0.059	0.100	0	0.369	0.419
KRAS	MMP7	9606.ENSP00000256078	9606.ENSP00000260227	0	0	0	0	0	0	0	0.455	0.455
KRAS	MMP9	9606.ENSP00000256078	9606.ENSP00000361405	0	0	0	0	0	0	0	0.517	0.517
KRAS	RELA	9606.ENSP00000256078	9606.ENSP00000384273	0	0	0	0	0.061	0.078	0.500	0.372	0.692
KRAS	TNF	9606.ENSP00000256078	9606.ENSP00000398698	0	0	0	0	0.067	0	0	0.710	0.717
KRAS	PTGS2	9606.ENSP00000256078	9606.ENSP00000356438	0	0	0	0	0.055	0.045	0	0.713	0.718
KRAS	PPARG	9606.ENSP00000256078	9606.ENSP00000287820	0	0	0	0	0.062	0.073	0	0.743	0.757
KRAS	STAT3	9606.ENSP00000256078	9606.ENSP00000264657	0	0	0	0	0.056	0.063	0	0.810	0.817
KRAS	MTOR	9606.ENSP00000256078	9606.ENSP00000354558	0	0	0	0	0.049	0.517	0	0.651	0.826
KRAS	NRAS	9606.ENSP00000256078	9606.ENSP00000358548	0	0	0.050	0.981	0.095	0.422	0.900	0.059	0.944
KRAS	MAPK8	9606.ENSP00000256078	9606.ENSP00000378974	0	0	0	0	0.147	0.145	0.900	0.380	0.948
KRAS	PIK3CB	9606.ENSP00000256078	9606.ENSP00000501150	0	0	0	0	0.070	0.216	0.900	0.679	0.973
KRAS	MAPK3	9606.ENSP00000256078	9606.ENSP00000263025	0	0	0	0	0.056	0.098	0.900	0.816	0.982
KRAS	PIK3CA	9606.ENSP00000256078	9606.ENSP00000263967	0	0	0	0	0.143	0.627	0.900	0.951	0.998
KRAS	RAF1	9606.ENSP00000256078	9606.ENSP00000401888	0	0	0	0	0.081	0.947	0.900	0.976	0.999
LAMA1	VTN	9606.ENSP00000374309	9606.ENSP00000226218	0	0	0	0	0.047	0	0.540	0.257	0.646
LAMA1	MMP7	9606.ENSP00000374309	9606.ENSP00000260227	0	0	0	0	0.042	0	0	0.426	0.426
LAMA1	TNC	9606.ENSP00000374309	9606.ENSP00000265131	0	0	0	0.546	0.081	0	0.360	0.075	0.408
LAMA1	PLAUR	9606.ENSP00000374309	9606.ENSP00000339328	0	0	0	0	0.042	0	0.540	0	0.540
LAMA1	PLAU	9606.ENSP00000374309	9606.ENSP00000361850	0	0	0	0	0	0	0.540	0.102	0.569
MAPK1	MMP2	9606.ENSP00000215832	9606.ENSP00000219070	0	0	0	0	0.047	0	0	0.404	0.408
MAPK1	MYD88	9606.ENSP00000215832	9606.ENSP00000498321	0	0	0	0	0.063	0.074	0	0.385	0.421
MAPK1	RXRA	9606.ENSP00000215832	9606.ENSP00000419692	0	0	0	0	0.047	0.292	0	0.242	0.444
MAPK1	SOD2	9606.ENSP00000215832	9606.ENSP00000446252	0	0	0	0	0.049	0.069	0	0.447	0.467
MAPK1	TGFB1	9606.ENSP00000215832	9606.ENSP00000221930	0	0	0	0	0.083	0.047	0	0.455	0.482
MAPK1	MMP3	9606.ENSP00000215832	9606.ENSP00000299855	0	0	0	0	0.047	0	0	0.497	0.500
MAPK1	SAA1	9606.ENSP00000215832	9606.ENSP00000384906	0	0	0	0	0	0	0.500	0.060	0.509
MAPK1	TLR4	9606.ENSP00000215832	9606.ENSP00000363089	0	0	0	0	0.122	0.041	0	0.570	0.606
MAPK1	PIK3CB	9606.ENSP00000215832	9606.ENSP00000501150	0	0	0	0	0.082	0	0	0.601	0.618
MAPK1	MTOR	9606.ENSP00000215832	9606.ENSP00000354558	0	0	0	0	0.105	0.258	0	0.554	0.678
MAPK1	MMP9	9606.ENSP00000215832	9606.ENSP00000361405	0	0	0	0	0.104	0	0	0.661	0.684
MAPK1	RELA	9606.ENSP00000215832	9606.ENSP00000384273	0	0	0	0	0.049	0.189	0	0.662	0.717
MAPK1	PPARG	9606.ENSP00000215832	9606.ENSP00000287820	0	0	0	0	0	0.510	0	0.483	0.736
MAPK1	MAPK8	9606.ENSP00000215832	9606.ENSP00000378974	0	0	0.066	0.882	0.079	0	0.400	0.568	0.747
MAPK1	TNF	9606.ENSP00000215832	9606.ENSP00000398698	0	0	0	0	0.083	0	0	0.746	0.757
MAPK1	PTGS2	9606.ENSP00000215832	9606.ENSP00000356438	0	0	0	0	0.106	0.052	0	0.762	0.780
MAPK1	PIK3CA	9606.ENSP00000215832	9606.ENSP00000263967	0	0	0	0	0.103	0	0	0.809	0.822
MAPK1	NRAS	9606.ENSP00000215832	9606.ENSP00000358548	0	0	0	0	0.109	0.098	0.900	0.551	0.959
MAPK1	RAF1	9606.ENSP00000215832	9606.ENSP00000401888	0	0	0	0.588	0.115	0.800	0.700	0.593	0.975
MAPK1	MAPK3	9606.ENSP00000215832	9606.ENSP00000263025	0	0	0.049	0.983	0.118	0.874	0.900	0.581	0.994
MAPK1	STAT3	9606.ENSP00000215832	9606.ENSP00000264657	0	0	0	0	0.060	0.926	0	0.950	0.996
MAPK3	TIMP1	9606.ENSP00000263025	9606.ENSP00000218388	0	0	0	0	0.066	0	0	0.511	0.524
MAPK3	MMP2	9606.ENSP00000263025	9606.ENSP00000219070	0	0	0	0	0.047	0	0	0.671	0.673
MAPK3	TGFB1	9606.ENSP00000263025	9606.ENSP00000221930	0	0	0	0	0.088	0.047	0	0.705	0.721
MAPK3	SERPINE1	9606.ENSP00000263025	9606.ENSP00000223095	0	0	0	0	0	0	0	0.506	0.506
MAPK3	VTN	9606.ENSP00000263025	9606.ENSP00000226218	0	0	0	0	0	0	0	0.402	0.402
MAPK3	MMP7	9606.ENSP00000263025	9606.ENSP00000260227	0	0	0	0	0.055	0	0	0.440	0.449
MAPK3	MMP13	9606.ENSP00000263025	9606.ENSP00000260302	0	0	0	0	0.047	0	0	0.485	0.488
MAPK3	TIMP2	9606.ENSP00000263025	9606.ENSP00000262768	0	0	0	0	0.113	0	0	0.425	0.468
MAPK3	PLAUR	9606.ENSP00000263025	9606.ENSP00000339328	0	0	0	0	0.060	0	0	0.394	0.406
MAPK3	NQO1	9606.ENSP00000263025	9606.ENSP00000319788	0	0	0	0	0.044	0	0	0.411	0.412
MAPK3	RXRA	9606.ENSP00000263025	9606.ENSP00000419692	0	0	0	0	0.097	0.292	0	0.215	0.454
MAPK3	SOD2	9606.ENSP00000263025	9606.ENSP00000446252	0	0	0	0	0.042	0.069	0	0.437	0.454
MAPK3	SOD1	9606.ENSP00000263025	9606.ENSP00000270142	0	0	0	0	0.057	0.091	0	0.426	0.465
MAPK3	PLAU	9606.ENSP00000263025	9606.ENSP00000361850	0	0	0	0	0	0.071	0	0.479	0.495
MAPK3	MAPK8	9606.ENSP00000263025	9606.ENSP00000378974	0	0	0.071	0.869	0.074	0	0.400	0.154	0.505
MAPK3	SAA1	9606.ENSP00000263025	9606.ENSP00000384906	0	0	0	0	0	0	0.500	0.148	0.555
MAPK3	PIK3CA	9606.ENSP00000263025	9606.ENSP00000263967	0	0	0	0	0.049	0	0	0.594	0.597
MAPK3	PIK3CB	9606.ENSP00000263025	9606.ENSP00000501150	0	0	0	0	0.049	0	0	0.637	0.640
MAPK3	MMP3	9606.ENSP00000263025	9606.ENSP00000299855	0	0	0	0	0.047	0	0	0.643	0.645
MAPK3	PPARG	9606.ENSP00000263025	9606.ENSP00000287820	0	0	0	0	0	0	0	0.670	0.670
MAPK3	RELA	9606.ENSP00000263025	9606.ENSP00000384273	0	0	0	0	0.060	0.068	0	0.668	0.684
MAPK3	MYD88	9606.ENSP00000263025	9606.ENSP00000498321	0	0	0	0	0.066	0.074	0	0.717	0.734
MAPK3	MMP9	9606.ENSP00000263025	9606.ENSP00000361405	0	0	0	0	0.103	0	0	0.723	0.741
MAPK3	MTOR	9606.ENSP00000263025	9606.ENSP00000354558	0	0	0	0	0.070	0.149	0	0.724	0.762
MAPK3	TLR4	9606.ENSP00000263025	9606.ENSP00000363089	0	0	0	0	0.088	0.041	0	0.815	0.824
MAPK3	PTGS2	9606.ENSP00000263025	9606.ENSP00000356438	0	0	0	0	0.102	0.300	0	0.788	0.855
MAPK3	STAT3	9606.ENSP00000263025	9606.ENSP00000264657	0	0	0	0	0.068	0.045	0	0.866	0.870
MAPK3	TNF	9606.ENSP00000263025	9606.ENSP00000398698	0	0	0	0	0.062	0	0	0.921	0.922
MAPK3	RAF1	9606.ENSP00000263025	9606.ENSP00000401888	0	0	0	0.587	0.118	0.545	0.700	0.721	0.962
MAPK3	NRAS	9606.ENSP00000263025	9606.ENSP00000358548	0	0	0	0	0.063	0.275	0.900	0.620	0.970
MAPK8	MMP2	9606.ENSP00000378974	9606.ENSP00000219070	0	0	0	0	0	0	0	0.512	0.512
MAPK8	TGFB1	9606.ENSP00000378974	9606.ENSP00000221930	0	0	0	0	0.042	0	0	0.534	0.534
MAPK8	PIK3CA	9606.ENSP00000378974	9606.ENSP00000263967	0	0	0	0	0.097	0	0	0.592	0.615
MAPK8	STAT3	9606.ENSP00000378974	9606.ENSP00000264657	0	0	0	0	0.044	0.625	0	0.745	0.900
MAPK8	PPARG	9606.ENSP00000378974	9606.ENSP00000287820	0	0	0	0	0	0	0	0.505	0.505
MAPK8	MTOR	9606.ENSP00000378974	9606.ENSP00000354558	0	0	0	0	0.098	0.292	0	0.571	0.702
MAPK8	PTGS2	9606.ENSP00000378974	9606.ENSP00000356438	0	0	0	0	0.086	0	0	0.583	0.602
MAPK8	NRAS	9606.ENSP00000378974	9606.ENSP00000358548	0	0	0	0	0.129	0.145	0.900	0.298	0.940
MAPK8	MMP9	9606.ENSP00000378974	9606.ENSP00000361405	0	0	0	0	0	0	0	0.735	0.735
MAPK8	TLR4	9606.ENSP00000378974	9606.ENSP00000363089	0	0	0	0	0	0.091	0	0.594	0.615
MAPK8	PIK3CB	9606.ENSP00000378974	9606.ENSP00000501150	0	0	0	0	0.060	0	0	0.545	0.554
MAPK8	MYD88	9606.ENSP00000378974	9606.ENSP00000498321	0	0	0	0	0.087	0.079	0	0.682	0.709
MAPK8	SOD2	9606.ENSP00000378974	9606.ENSP00000446252	0	0	0	0	0.087	0.515	0	0.408	0.715
MAPK8	TNF	9606.ENSP00000378974	9606.ENSP00000398698	0	0	0	0	0	0	0	0.890	0.890
MAPK8	RELA	9606.ENSP00000378974	9606.ENSP00000384273	0	0	0	0	0.054	0.045	0.900	0.758	0.975
MMP13	TIMP1	9606.ENSP00000260302	9606.ENSP00000218388	0	0	0	0	0.087	0.160	0	0.864	0.886
MMP13	MMP2	9606.ENSP00000260302	9606.ENSP00000219070	0	0	0	0.886	0.084	0	0.400	0.146	0.490
MMP13	TGFB1	9606.ENSP00000260302	9606.ENSP00000221930	0	0	0	0	0	0	0	0.664	0.664
MMP13	SERPINE1	9606.ENSP00000260302	9606.ENSP00000223095	0	0	0	0	0.081	0	0	0.444	0.467
MMP13	MMP7	9606.ENSP00000260302	9606.ENSP00000260227	0	0	0.078	0.919	0.131	0	0.400	0.199	0.564
MMP13	PPARG	9606.ENSP00000260302	9606.ENSP00000287820	0	0	0	0	0	0	0	0.423	0.423
MMP13	TLR4	9606.ENSP00000260302	9606.ENSP00000363089	0	0	0	0	0.044	0	0	0.463	0.465
MMP13	PLAU	9606.ENSP00000260302	9606.ENSP00000361850	0	0	0	0	0.106	0	0	0.460	0.497
MMP13	MMP3	9606.ENSP00000260302	9606.ENSP00000299855	0	0	0.068	0.943	0.206	0	0.400	0.119	0.557
MMP13	MMP9	9606.ENSP00000260302	9606.ENSP00000361405	0	0	0	0.790	0.134	0	0.400	0.272	0.589
MMP13	STAT3	9606.ENSP00000260302	9606.ENSP00000264657	0	0	0	0	0.055	0	0	0.650	0.655
MMP13	PTGS2	9606.ENSP00000260302	9606.ENSP00000356438	0	0	0	0	0.072	0	0	0.649	0.660
MMP13	TNF	9606.ENSP00000260302	9606.ENSP00000398698	0	0	0	0	0.069	0	0	0.704	0.712
MMP13	TIMP2	9606.ENSP00000260302	9606.ENSP00000262768	0	0	0	0	0.063	0.797	0	0.821	0.963
MMP2	TIMP1	9606.ENSP00000219070	9606.ENSP00000218388	0	0	0	0	0.148	0.160	0.400	0.994	0.997
MMP2	RELA	9606.ENSP00000219070	9606.ENSP00000384273	0	0	0	0	0.061	0.071	0	0.367	0.400
MMP2	VCAN	9606.ENSP00000219070	9606.ENSP00000265077	0	0	0	0	0.102	0	0	0.472	0.505
MMP2	PPARG	9606.ENSP00000219070	9606.ENSP00000287820	0	0	0	0	0	0	0	0.511	0.511
MMP2	MTOR	9606.ENSP00000219070	9606.ENSP00000354558	0	0	0	0	0	0	0	0.512	0.512
MMP2	TNC	9606.ENSP00000219070	9606.ENSP00000265131	0	0	0	0	0.210	0	0	0.410	0.514
MMP2	MMP3	9606.ENSP00000219070	9606.ENSP00000299855	0	0	0.061	0.875	0.128	0	0.400	0.152	0.527
MMP2	SAA1	9606.ENSP00000219070	9606.ENSP00000384906	0	0	0	0	0	0	0.400	0.249	0.530
MMP2	PLAUR	9606.ENSP00000219070	9606.ENSP00000339328	0	0	0	0	0.061	0	0	0.570	0.578
MMP2	TLR4	9606.ENSP00000219070	9606.ENSP00000363089	0	0	0	0	0.047	0	0	0.677	0.679
MMP2	TNF	9606.ENSP00000219070	9606.ENSP00000398698	0	0	0	0	0.074	0	0	0.720	0.729
MMP2	SERPINE1	9606.ENSP00000219070	9606.ENSP00000223095	0	0	0	0	0.181	0	0	0.714	0.755
MMP2	PLAU	9606.ENSP00000219070	9606.ENSP00000361850	0	0	0	0	0.142	0	0	0.726	0.755
MMP2	PTGS2	9606.ENSP00000219070	9606.ENSP00000356438	0	0	0	0	0.079	0	0	0.755	0.764
MMP2	STAT3	9606.ENSP00000219070	9606.ENSP00000264657	0	0	0	0	0.074	0.226	0.500	0.793	0.916
MMP2	MMP9	9606.ENSP00000219070	9606.ENSP00000361405	0	0	0.061	0.927	0.128	0	0.900	0.116	0.918
MMP2	MMP7	9606.ENSP00000219070	9606.ENSP00000260227	0	0	0	0.878	0.128	0	0.800	0.798	0.961
MMP2	TGFB1	9606.ENSP00000219070	9606.ENSP00000221930	0	0	0	0	0.070	0.600	0.400	0.850	0.962
MMP2	TIMP2	9606.ENSP00000219070	9606.ENSP00000262768	0	0	0	0	0.154	0.985	0.500	0.999	0.999
MMP3	TIMP1	9606.ENSP00000299855	9606.ENSP00000218388	0	0	0	0	0.115	0.952	0.400	0.998	0.999
MMP3	TGFB1	9606.ENSP00000299855	9606.ENSP00000221930	0	0	0	0	0	0	0.400	0.661	0.787
MMP3	SERPINE1	9606.ENSP00000299855	9606.ENSP00000223095	0	0	0	0	0.154	0	0	0.861	0.877
MMP3	MMP7	9606.ENSP00000299855	9606.ENSP00000260227	0	0	0.077	0.925	0.132	0	0.400	0.609	0.787
MMP3	TIMP2	9606.ENSP00000299855	9606.ENSP00000262768	0	0	0	0	0.088	0.186	0	0.959	0.967
MMP3	STAT3	9606.ENSP00000299855	9606.ENSP00000264657	0	0	0	0	0.086	0.292	0.500	0.706	0.892
MMP3	VCAN	9606.ENSP00000299855	9606.ENSP00000265077	0	0	0	0	0.047	0	0	0.627	0.629
MMP3	PPARG	9606.ENSP00000299855	9606.ENSP00000287820	0	0	0	0	0	0	0	0.423	0.423
MMP3	TLR4	9606.ENSP00000299855	9606.ENSP00000363089	0	0	0	0	0	0	0	0.510	0.510
MMP3	SAA1	9606.ENSP00000299855	9606.ENSP00000384906	0	0	0	0	0.067	0	0.400	0.370	0.616
MMP3	PLAUR	9606.ENSP00000299855	9606.ENSP00000339328	0	0	0	0	0.072	0	0	0.649	0.660
MMP3	PTGS2	9606.ENSP00000299855	9606.ENSP00000356438	0	0	0	0	0.102	0	0	0.650	0.673
MMP3	PLAU	9606.ENSP00000299855	9606.ENSP00000361850	0	0	0	0	0.114	0	0	0.745	0.764
MMP3	TNF	9606.ENSP00000299855	9606.ENSP00000398698	0	0	0	0	0.086	0	0	0.846	0.853
MMP3	MMP9	9606.ENSP00000299855	9606.ENSP00000361405	0	0	0.075	0.784	0.145	0	0.900	0.514	0.956
MMP7	TIMP1	9606.ENSP00000260227	9606.ENSP00000218388	0	0	0	0	0.075	0.160	0	0.911	0.925
MMP7	TGFB1	9606.ENSP00000260227	9606.ENSP00000221930	0	0	0	0	0	0	0	0.571	0.571
MMP7	SERPINE1	9606.ENSP00000260227	9606.ENSP00000223095	0	0	0	0	0.071	0	0	0.780	0.787
MMP7	VTN	9606.ENSP00000260227	9606.ENSP00000226218	0	0	0	0	0	0	0	0.639	0.639
MMP7	PLAUR	9606.ENSP00000260227	9606.ENSP00000339328	0	0	0	0	0.058	0	0	0.444	0.453
MMP7	NQO1	9606.ENSP00000260227	9606.ENSP00000319788	0	0	0	0	0.045	0	0	0.489	0.491
MMP7	STAT3	9606.ENSP00000260227	9606.ENSP00000264657	0	0	0	0	0.049	0	0	0.489	0.494
MMP7	TNF	9606.ENSP00000260227	9606.ENSP00000398698	0	0	0	0	0.108	0	0	0.575	0.605
MMP7	PTGS2	9606.ENSP00000260227	9606.ENSP00000356438	0	0	0	0	0.086	0	0	0.655	0.671
MMP7	PLAU	9606.ENSP00000260227	9606.ENSP00000361850	0	0	0	0	0.088	0	0	0.732	0.746
MMP7	MMP9	9606.ENSP00000260227	9606.ENSP00000361405	0	0	0	0.803	0.150	0	0.400	0.789	0.883
MMP7	TIMP2	9606.ENSP00000260227	9606.ENSP00000262768	0	0	0	0	0.055	0.307	0	0.931	0.951
MMP9	TIMP1	9606.ENSP00000361405	9606.ENSP00000218388	0	0	0	0	0.075	0.572	0.900	0.999	0.999
MMP9	TGFB1	9606.ENSP00000361405	9606.ENSP00000221930	0	0	0	0	0.082	0.599	0.400	0.872	0.968
MMP9	SERPINE1	9606.ENSP00000361405	9606.ENSP00000223095	0	0	0	0	0.077	0	0	0.793	0.801
MMP9	VTN	9606.ENSP00000361405	9606.ENSP00000226218	0	0	0	0	0	0	0	0.741	0.741
MMP9	ORM1	9606.ENSP00000361405	9606.ENSP00000259396	0	0	0	0	0.141	0	0	0.499	0.551
MMP9	TIMP2	9606.ENSP00000361405	9606.ENSP00000262768	0	0	0	0	0.133	0.303	0	0.997	0.998
MMP9	STAT3	9606.ENSP00000361405	9606.ENSP00000264657	0	0	0	0	0.061	0	0.500	0.786	0.890
MMP9	VCAN	9606.ENSP00000361405	9606.ENSP00000265077	0	0	0	0	0.075	0.422	0	0.628	0.783
MMP9	SOD1	9606.ENSP00000361405	9606.ENSP00000270142	0	0	0	0	0.053	0	0	0.423	0.430
MMP9	PPARG	9606.ENSP00000361405	9606.ENSP00000287820	0	0	0	0	0	0	0	0.765	0.765
MMP9	NQO1	9606.ENSP00000361405	9606.ENSP00000319788	0	0	0	0	0	0	0	0.426	0.426
MMP9	PLAUR	9606.ENSP00000361405	9606.ENSP00000339328	0	0	0	0	0.167	0	0	0.738	0.772
MMP9	MTOR	9606.ENSP00000361405	9606.ENSP00000354558	0	0	0	0	0	0	0	0.588	0.588
MMP9	PTGS2	9606.ENSP00000361405	9606.ENSP00000356438	0	0	0	0	0.176	0	0	0.785	0.815
MMP9	THBD	9606.ENSP00000361405	9606.ENSP00000366307	0	0	0	0	0.109	0	0	0.385	0.428
MMP9	RAF1	9606.ENSP00000361405	9606.ENSP00000401888	0	0	0	0	0.102	0	0	0.398	0.437
MMP9	SOD2	9606.ENSP00000361405	9606.ENSP00000446252	0	0	0	0	0.083	0	0	0.422	0.448
MMP9	SAA2	9606.ENSP00000361405	9606.ENSP00000436126	0	0	0	0	0.047	0	0	0.508	0.511
MMP9	MYD88	9606.ENSP00000361405	9606.ENSP00000498321	0	0	0	0	0.085	0	0	0.547	0.568
MMP9	RELA	9606.ENSP00000361405	9606.ENSP00000384273	0	0	0	0	0.067	0.292	0	0.524	0.658
MMP9	SAA1	9606.ENSP00000361405	9606.ENSP00000384906	0	0	0	0	0.055	0	0.400	0.518	0.702
MMP9	PLAU	9606.ENSP00000361405	9606.ENSP00000361850	0	0	0	0	0.151	0	0	0.855	0.871
MMP9	TNF	9606.ENSP00000361405	9606.ENSP00000398698	0	0	0	0	0.207	0	0	0.915	0.930
MMP9	TLR4	9606.ENSP00000361405	9606.ENSP00000363089	0	0	0	0	0.180	0	0	0.923	0.934
MTOR	TGFB1	9606.ENSP00000354558	9606.ENSP00000221930	0	0	0	0	0.042	0	0	0.582	0.582
MTOR	PIK3CA	9606.ENSP00000354558	9606.ENSP00000263967	0	0	0	0.548	0.060	0.166	0.900	0.592	0.963
MTOR	STAT3	9606.ENSP00000354558	9606.ENSP00000264657	0	0	0	0	0.049	0.735	0	0.730	0.926
MTOR	SOD1	9606.ENSP00000354558	9606.ENSP00000270142	0	0	0	0	0.044	0	0	0.438	0.440
MTOR	PPARG	9606.ENSP00000354558	9606.ENSP00000287820	0	0	0	0	0	0	0.900	0.655	0.964
MTOR	RELA	9606.ENSP00000354558	9606.ENSP00000384273	0	0	0	0	0.060	0.069	0	0.378	0.408
MTOR	SOD2	9606.ENSP00000354558	9606.ENSP00000446252	0	0	0	0	0.044	0.073	0	0.473	0.493
MTOR	PTGS2	9606.ENSP00000354558	9606.ENSP00000356438	0	0	0	0	0	0	0	0.575	0.575
MTOR	RAF1	9606.ENSP00000354558	9606.ENSP00000401888	0	0	0	0	0.121	0.073	0	0.523	0.578
MTOR	TLR4	9606.ENSP00000354558	9606.ENSP00000363089	0	0	0	0	0	0.053	0	0.585	0.590
MTOR	MYD88	9606.ENSP00000354558	9606.ENSP00000498321	0	0	0	0	0.047	0.091	0	0.624	0.645
MTOR	TNF	9606.ENSP00000354558	9606.ENSP00000398698	0	0	0	0	0	0	0	0.671	0.671
MTOR	NRAS	9606.ENSP00000354558	9606.ENSP00000358548	0	0	0	0	0.074	0.390	0	0.519	0.705
MTOR	PIK3CB	9606.ENSP00000354558	9606.ENSP00000501150	0	0	0	0.549	0.082	0.166	0.900	0.350	0.943
MYD88	TGFB1	9606.ENSP00000498321	9606.ENSP00000221930	0	0	0	0	0.123	0	0	0.526	0.566
MYD88	STAT3	9606.ENSP00000498321	9606.ENSP00000264657	0	0	0	0	0.202	0	0	0.805	0.838
MYD88	PPARG	9606.ENSP00000498321	9606.ENSP00000287820	0	0	0	0	0	0.042	0	0.484	0.484
MYD88	PTGS2	9606.ENSP00000498321	9606.ENSP00000356438	0	0	0	0	0.087	0	0	0.729	0.742
MYD88	TLR4	9606.ENSP00000498321	9606.ENSP00000363089	0	0	0	0.582	0.158	0.974	0.900	0.992	0.999
MYD88	RELA	9606.ENSP00000498321	9606.ENSP00000384273	0	0	0	0	0.189	0.106	0.500	0.636	0.850
MYD88	TNF	9606.ENSP00000498321	9606.ENSP00000398698	0	0	0	0	0.129	0	0	0.933	0.939
NQO1	TGFB1	9606.ENSP00000319788	9606.ENSP00000221930	0	0	0	0	0	0	0	0.406	0.406
NQO1	STAT3	9606.ENSP00000319788	9606.ENSP00000264657	0	0	0	0	0.042	0	0	0.426	0.427
NQO1	SOD1	9606.ENSP00000319788	9606.ENSP00000270142	0	0	0	0	0.049	0	0	0.671	0.673
NQO1	PPARG	9606.ENSP00000319788	9606.ENSP00000287820	0	0	0	0	0.081	0	0	0.452	0.475
NQO1	TLR4	9606.ENSP00000319788	9606.ENSP00000363089	0	0	0	0	0	0	0	0.433	0.433
NQO1	PTGS2	9606.ENSP00000319788	9606.ENSP00000356438	0	0	0	0	0.055	0	0	0.571	0.578
NQO1	SOD2	9606.ENSP00000319788	9606.ENSP00000446252	0	0	0	0	0	0	0	0.692	0.692
NQO1	TNF	9606.ENSP00000319788	9606.ENSP00000398698	0	0	0	0	0	0.324	0	0.592	0.712
NRAS	PIK3CA	9606.ENSP00000358548	9606.ENSP00000263967	0	0	0	0	0.125	0.483	0.900	0.921	0.995
NRAS	STAT3	9606.ENSP00000358548	9606.ENSP00000264657	0	0	0	0	0.049	0.063	0	0.520	0.535
NRAS	PPARG	9606.ENSP00000358548	9606.ENSP00000287820	0	0	0	0	0.062	0.073	0	0.625	0.645
NRAS	RELA	9606.ENSP00000358548	9606.ENSP00000384273	0	0	0	0	0.061	0.078	0.500	0.224	0.619
NRAS	PIK3CB	9606.ENSP00000358548	9606.ENSP00000501150	0	0	0	0	0.074	0.133	0.900	0.422	0.947
NRAS	RAF1	9606.ENSP00000358548	9606.ENSP00000401888	0	0	0	0	0.081	0.908	0.900	0.899	0.999
ORM1	SERPINE1	9606.ENSP00000259396	9606.ENSP00000223095	0	0	0	0	0.106	0.541	0	0.542	0.795
ORM1	VTN	9606.ENSP00000259396	9606.ENSP00000226218	0	0	0	0	0.184	0	0	0.326	0.426
ORM1	TNF	9606.ENSP00000259396	9606.ENSP00000398698	0	0	0	0	0	0	0	0.448	0.448
ORM1	SAA2	9606.ENSP00000259396	9606.ENSP00000436126	0	0	0	0	0.140	0	0	0.507	0.558
ORM1	SAA1	9606.ENSP00000259396	9606.ENSP00000384906	0	0	0	0	0.109	0	0	0.696	0.717
PIK3CA	RELA	9606.ENSP00000263967	9606.ENSP00000384273	0	0	0	0	0.049	0.314	0	0.346	0.537
PIK3CA	PPARG	9606.ENSP00000263967	9606.ENSP00000287820	0	0	0	0	0.053	0	0	0.542	0.547
PIK3CA	STAT3	9606.ENSP00000263967	9606.ENSP00000264657	0	0	0	0	0.053	0	0.500	0.727	0.859
PIK3CA	TLR4	9606.ENSP00000263967	9606.ENSP00000363089	0	0	0	0	0.080	0.086	0.900	0.246	0.928
PIK3CA	RAF1	9606.ENSP00000263967	9606.ENSP00000401888	0	0	0	0	0.066	0.069	0.900	0.719	0.972
PIK3CA	PIK3CB	9606.ENSP00000263967	9606.ENSP00000501150	0	0	0.060	0.882	0.083	0	0.900	0.984	0.998
PIK3CB	STAT3	9606.ENSP00000501150	9606.ENSP00000264657	0	0	0	0	0.049	0	0.500	0.357	0.667
PIK3CB	PTGS2	9606.ENSP00000501150	9606.ENSP00000356438	0	0	0	0	0	0	0	0.447	0.447
PIK3CB	TLR4	9606.ENSP00000501150	9606.ENSP00000363089	0	0	0	0	0.086	0.086	0.900	0.203	0.924
PIK3CB	RAF1	9606.ENSP00000501150	9606.ENSP00000401888	0	0	0	0	0.059	0.069	0.900	0.387	0.939
PLAU	TIMP1	9606.ENSP00000361850	9606.ENSP00000218388	0	0	0	0	0.162	0	0	0.641	0.686
PLAU	TGFB1	9606.ENSP00000361850	9606.ENSP00000221930	0	0	0	0	0.080	0	0	0.582	0.599
PLAU	SERPINE1	9606.ENSP00000361850	9606.ENSP00000223095	0	0	0	0	0.259	0.977	0.540	0.999	0.999
PLAU	VTN	9606.ENSP00000361850	9606.ENSP00000226218	0	0	0	0	0.055	0.800	0.540	0.987	0.998
PLAU	TFPI	9606.ENSP00000361850	9606.ENSP00000233156	0	0	0	0	0.067	0.246	0	0.479	0.602
PLAU	TIMP2	9606.ENSP00000361850	9606.ENSP00000262768	0	0	0	0	0.072	0	0	0.708	0.718
PLAU	STAT3	9606.ENSP00000361850	9606.ENSP00000264657	0	0	0	0	0.112	0	0	0.499	0.536
PLAU	TNC	9606.ENSP00000361850	9606.ENSP00000265131	0	0	0	0	0.110	0	0.360	0	0.406
PLAU	PPARG	9606.ENSP00000361850	9606.ENSP00000287820	0	0	0	0	0.106	0	0	0.468	0.504
PLAU	PLAUR	9606.ENSP00000361850	9606.ENSP00000339328	0	0	0	0	0.366	0.982	0.900	0.999	0.999
PLAU	PTGS2	9606.ENSP00000361850	9606.ENSP00000356438	0	0	0	0	0.102	0	0	0.521	0.552
PLAU	TNF	9606.ENSP00000361850	9606.ENSP00000398698	0	0	0	0	0.118	0.066	0	0.723	0.751
PLAU	THBD	9606.ENSP00000361850	9606.ENSP00000366307	0	0	0	0	0.182	0.094	0.540	0.488	0.802
PLAUR	TIMP1	9606.ENSP00000339328	9606.ENSP00000218388	0	0	0	0	0.225	0	0	0.713	0.768
PLAUR	TGFB1	9606.ENSP00000339328	9606.ENSP00000221930	0	0	0	0	0.108	0	0	0.419	0.459
PLAUR	SERPINE1	9606.ENSP00000339328	9606.ENSP00000223095	0	0	0	0	0.373	0	0.500	0.984	0.994
PLAUR	VTN	9606.ENSP00000339328	9606.ENSP00000226218	0	0	0	0	0	0.946	0.540	0.995	0.999
PLAUR	TIMP2	9606.ENSP00000339328	9606.ENSP00000262768	0	0	0	0	0.158	0	0	0.453	0.520
PLAUR	STAT3	9606.ENSP00000339328	9606.ENSP00000264657	0	0	0	0	0.114	0	0	0.370	0.418
PLAUR	VCAN	9606.ENSP00000339328	9606.ENSP00000265077	0	0	0	0	0.086	0	0	0.463	0.488
PLAUR	PTGS2	9606.ENSP00000339328	9606.ENSP00000356438	0	0	0	0	0.249	0	0	0.348	0.489
PLAUR	TNF	9606.ENSP00000339328	9606.ENSP00000398698	0	0	0	0	0.131	0	0	0.445	0.497
PLAUR	TLR4	9606.ENSP00000339328	9606.ENSP00000363089	0	0	0	0	0.246	0	0	0.578	0.668
PLAUR	THBD	9606.ENSP00000339328	9606.ENSP00000366307	0	0	0	0	0.162	0	0.540	0.323	0.716
PPARG	TIMP1	9606.ENSP00000287820	9606.ENSP00000218388	0	0	0	0	0.114	0	0	0.506	0.544
PPARG	TGFB1	9606.ENSP00000287820	9606.ENSP00000221930	0	0	0	0	0.105	0	0.750	0.680	0.922
PPARG	SERPINE1	9606.ENSP00000287820	9606.ENSP00000223095	0	0	0	0	0.043	0.045	0	0.731	0.732
PPARG	STAT3	9606.ENSP00000287820	9606.ENSP00000264657	0	0	0	0	0.055	0.045	0	0.823	0.826
PPARG	SOD1	9606.ENSP00000287820	9606.ENSP00000270142	0	0	0	0	0.100	0	0	0.479	0.511
PPARG	SOD2	9606.ENSP00000287820	9606.ENSP00000446252	0	0	0	0	0.055	0.045	0	0.532	0.541
PPARG	PTGS2	9606.ENSP00000287820	9606.ENSP00000356438	0	0	0	0	0.063	0	0	0.729	0.735
PPARG	TLR4	9606.ENSP00000287820	9606.ENSP00000363089	0	0	0	0	0.119	0.066	0	0.708	0.738
PPARG	TNF	9606.ENSP00000287820	9606.ENSP00000398698	0	0	0	0	0.099	0	0	0.795	0.807
PPARG	RELA	9606.ENSP00000287820	9606.ENSP00000384273	0	0	0	0	0.087	0.834	0.750	0.976	0.998
PPARG	RXRA	9606.ENSP00000287820	9606.ENSP00000419692	0	0	0	0.688	0.061	0.999	0.900	0.987	0.999
PROCR	TNF	9606.ENSP00000216968	9606.ENSP00000398698	0	0	0	0	0	0	0	0.435	0.435
PROCR	SERPINE1	9606.ENSP00000216968	9606.ENSP00000223095	0	0	0	0	0.126	0	0	0.552	0.592
PROCR	TFPI	9606.ENSP00000216968	9606.ENSP00000233156	0	0	0	0	0.090	0	0	0.853	0.860
PROCR	THBD	9606.ENSP00000216968	9606.ENSP00000366307	0	0	0	0	0.059	0	0.900	0.998	0.999
PTGS2	TIMP1	9606.ENSP00000356438	9606.ENSP00000218388	0	0	0	0	0.088	0	0	0.543	0.566
PTGS2	TGFB1	9606.ENSP00000356438	9606.ENSP00000221930	0	0	0	0	0.084	0	0	0.673	0.688
PTGS2	SERPINE1	9606.ENSP00000356438	9606.ENSP00000223095	0	0	0	0	0.167	0	0	0.787	0.815
PTGS2	TIMP2	9606.ENSP00000356438	9606.ENSP00000262768	0	0	0	0	0.092	0	0	0.455	0.484
PTGS2	STAT3	9606.ENSP00000356438	9606.ENSP00000264657	0	0	0	0	0.061	0	0.750	0.726	0.930
PTGS2	SOD1	9606.ENSP00000356438	9606.ENSP00000270142	0	0	0	0	0	0	0.136	0.471	0.523
PTGS2	THBD	9606.ENSP00000356438	9606.ENSP00000366307	0	0	0	0	0.211	0	0	0.293	0.418
PTGS2	RXRA	9606.ENSP00000356438	9606.ENSP00000419692	0	0	0	0	0.047	0	0	0.486	0.489
PTGS2	SOD2	9606.ENSP00000356438	9606.ENSP00000446252	0	0	0	0	0.109	0	0	0.513	0.547
PTGS2	RELA	9606.ENSP00000356438	9606.ENSP00000384273	0	0	0	0	0.061	0	0	0.731	0.737
PTGS2	TLR4	9606.ENSP00000356438	9606.ENSP00000363089	0	0	0	0	0.179	0	0	0.751	0.787
PTGS2	TNF	9606.ENSP00000356438	9606.ENSP00000398698	0	0	0	0	0.185	0	0	0.901	0.916
RAF1	STAT3	9606.ENSP00000401888	9606.ENSP00000264657	0	0	0	0	0.080	0.096	0	0.736	0.762
RAF1	RELA	9606.ENSP00000401888	9606.ENSP00000384273	0	0	0	0	0.101	0.098	0.900	0.186	0.925
RELA	TGFB1	9606.ENSP00000384273	9606.ENSP00000221930	0	0	0	0	0.140	0.045	0	0.422	0.484
RELA	STAT3	9606.ENSP00000384273	9606.ENSP00000264657	0	0	0	0	0.171	0.793	0	0.959	0.992
RELA	TLR4	9606.ENSP00000384273	9606.ENSP00000363089	0	0	0	0	0.068	0.125	0.900	0.639	0.966
RELA	SAA1	9606.ENSP00000384273	9606.ENSP00000384906	0	0	0	0	0	0	0.400	0.197	0.498
RELA	RXRA	9606.ENSP00000384273	9606.ENSP00000419692	0	0	0	0	0.067	0.681	0	0.324	0.781
RELA	TNF	9606.ENSP00000384273	9606.ENSP00000398698	0	0	0	0	0.118	0.516	0.900	0.944	0.997
RXRA	SERPINE1	9606.ENSP00000419692	9606.ENSP00000223095	0	0	0	0	0	0.045	0	0.446	0.448
RXRA	STAT3	9606.ENSP00000419692	9606.ENSP00000264657	0	0	0	0	0.056	0.045	0	0.594	0.602
S100A7	STAT3	9606.ENSP00000357711	9606.ENSP00000264657	0	0	0	0	0	0	0	0.548	0.548
S100A7	TNF	9606.ENSP00000357711	9606.ENSP00000398698	0	0	0	0	0	0	0	0.447	0.447
S100A7	TLR4	9606.ENSP00000357711	9606.ENSP00000363089	0	0	0	0	0	0	0	0.590	0.590
SAA1	TIMP1	9606.ENSP00000384906	9606.ENSP00000218388	0	0	0	0	0.060	0	0.400	0.322	0.584
SAA1	TGFB1	9606.ENSP00000384906	9606.ENSP00000221930	0	0	0	0	0	0	0.400	0.224	0.514
SAA1	SERPINE1	9606.ENSP00000384906	9606.ENSP00000223095	0	0	0	0	0.070	0	0	0.528	0.542
SAA1	VTN	9606.ENSP00000384906	9606.ENSP00000226218	0	0	0	0	0	0	0	0.446	0.446
SAA1	STAT3	9606.ENSP00000384906	9606.ENSP00000264657	0	0	0	0	0	0	0.500	0.348	0.660
SAA1	TLR4	9606.ENSP00000384906	9606.ENSP00000363089	0	0	0	0	0.042	0	0	0.744	0.744
SAA1	TNF	9606.ENSP00000384906	9606.ENSP00000398698	0	0	0	0	0.044	0	0	0.727	0.727
SAA1	SAA2	9606.ENSP00000384906	9606.ENSP00000436126	0	0	0.049	0.983	0.779	0.174	0.540	0.741	0.975
SAA2	SERPINE1	9606.ENSP00000436126	9606.ENSP00000223095	0	0	0	0	0.058	0	0	0.526	0.534
SAA2	VTN	9606.ENSP00000436126	9606.ENSP00000226218	0	0	0	0	0.047	0	0	0.444	0.447
SAA2	TLR4	9606.ENSP00000436126	9606.ENSP00000363089	0	0	0	0	0.042	0	0	0.598	0.598
SAA2	TNF	9606.ENSP00000436126	9606.ENSP00000398698	0	0	0	0	0.044	0	0	0.723	0.723
SERPINE1	TIMP1	9606.ENSP00000223095	9606.ENSP00000218388	0	0	0	0	0.269	0	0	0.791	0.840
SERPINE1	TGFB1	9606.ENSP00000223095	9606.ENSP00000221930	0	0	0	0	0.131	0	0	0.777	0.798
SERPINE1	STAT3	9606.ENSP00000223095	9606.ENSP00000264657	0	0	0	0	0.058	0	0	0.508	0.517
SERPINE1	VCAN	9606.ENSP00000223095	9606.ENSP00000265077	0	0	0	0	0.058	0	0	0.545	0.553
SERPINE1	TIMP2	9606.ENSP00000223095	9606.ENSP00000262768	0	0	0	0	0.086	0	0	0.588	0.608
SERPINE1	TFPI	9606.ENSP00000223095	9606.ENSP00000233156	0	0	0	0	0.095	0.045	0	0.699	0.718
SERPINE1	TLR4	9606.ENSP00000223095	9606.ENSP00000363089	0	0	0	0	0.060	0	0	0.715	0.721
SERPINE1	TNF	9606.ENSP00000223095	9606.ENSP00000398698	0	0	0	0	0.042	0	0	0.763	0.764
SERPINE1	THBD	9606.ENSP00000223095	9606.ENSP00000366307	0	0	0	0	0.081	0	0	0.839	0.846
SERPINE1	VTN	9606.ENSP00000223095	9606.ENSP00000226218	0	0	0	0	0.085	0.960	0.900	0.996	0.999
SOD1	TNF	9606.ENSP00000270142	9606.ENSP00000398698	0	0	0	0	0	0	0	0.574	0.574
SOD1	TLR4	9606.ENSP00000270142	9606.ENSP00000363089	0	0	0	0	0	0	0	0.631	0.631
SOD1	SOD2	9606.ENSP00000270142	9606.ENSP00000446252	0	0	0	0	0.201	0.661	0.900	0.821	0.994
SOD2	TGFB1	9606.ENSP00000446252	9606.ENSP00000221930	0	0	0	0	0.042	0	0	0.437	0.438
SOD2	STAT3	9606.ENSP00000446252	9606.ENSP00000264657	0	0	0	0	0.174	0	0	0.441	0.518
SOD2	TLR4	9606.ENSP00000446252	9606.ENSP00000363089	0	0	0	0	0.124	0	0	0.424	0.474
SOD2	TNF	9606.ENSP00000446252	9606.ENSP00000398698	0	0	0	0	0.070	0	0	0.599	0.611
STAT3	TIMP1	9606.ENSP00000264657	9606.ENSP00000218388	0	0	0	0	0.082	0	0.500	0.544	0.772
STAT3	TGFB1	9606.ENSP00000264657	9606.ENSP00000221930	0	0	0	0	0.063	0.095	0.500	0.729	0.870
STAT3	TIMP2	9606.ENSP00000264657	9606.ENSP00000262768	0	0	0	0	0.060	0	0	0.400	0.411
STAT3	TLR4	9606.ENSP00000264657	9606.ENSP00000363089	0	0	0	0	0.094	0.045	0	0.837	0.846
STAT3	TNF	9606.ENSP00000264657	9606.ENSP00000398698	0	0	0	0	0.070	0	0.500	0.881	0.939
TFPI	TNF	9606.ENSP00000233156	9606.ENSP00000398698	0	0	0	0	0	0	0	0.432	0.432
TFPI	THBD	9606.ENSP00000233156	9606.ENSP00000366307	0	0	0	0	0.064	0.045	0	0.962	0.963
TGFB1	TIMP1	9606.ENSP00000221930	9606.ENSP00000218388	0	0	0	0	0.160	0.053	0.400	0.782	0.882
TGFB1	TNC	9606.ENSP00000221930	9606.ENSP00000265131	0	0	0	0	0.046	0	0	0.465	0.468
TGFB1	VCAN	9606.ENSP00000221930	9606.ENSP00000265077	0	0	0	0	0.045	0.045	0	0.642	0.645
TGFB1	TLR4	9606.ENSP00000221930	9606.ENSP00000363089	0	0	0	0	0.073	0.045	0	0.710	0.721
TGFB1	VTN	9606.ENSP00000221930	9606.ENSP00000226218	0	0	0	0	0	0.292	0	0.711	0.787
TGFB1	TIMP2	9606.ENSP00000221930	9606.ENSP00000262768	0	0	0	0	0.089	0.053	0	0.776	0.790
TGFB1	TNF	9606.ENSP00000221930	9606.ENSP00000398698	0	0	0	0	0.125	0	0	0.935	0.941
THBD	TLR4	9606.ENSP00000366307	9606.ENSP00000363089	0	0	0	0	0.190	0.125	0	0.661	0.739
THBD	TNF	9606.ENSP00000366307	9606.ENSP00000398698	0	0	0	0	0.060	0.045	0	0.620	0.629
TIMP1	VCAN	9606.ENSP00000218388	9606.ENSP00000265077	0	0	0	0	0.127	0	0	0.447	0.496
TIMP1	VTN	9606.ENSP00000218388	9606.ENSP00000226218	0	0	0	0	0	0.160	0	0.449	0.517
TIMP1	TIMP2	9606.ENSP00000218388	9606.ENSP00000262768	0	0	0.059	0.888	0.147	0	0	0.521	0.582
TIMP1	TLR4	9606.ENSP00000218388	9606.ENSP00000363089	0	0	0	0	0.057	0.045	0	0.657	0.664
TIMP1	TNF	9606.ENSP00000218388	9606.ENSP00000398698	0	0	0	0	0.044	0	0	0.726	0.727
TIMP2	VTN	9606.ENSP00000262768	9606.ENSP00000226218	0	0	0	0	0	0.160	0	0.591	0.642
TIMP2	TNF	9606.ENSP00000262768	9606.ENSP00000398698	0	0	0	0	0	0	0	0.580	0.580
TLR4	VCAN	9606.ENSP00000363089	9606.ENSP00000265077	0	0	0	0	0.084	0.125	0	0.547	0.605
TLR4	TNF	9606.ENSP00000363089	9606.ENSP00000398698	0	0	0	0	0.125	0	0	0.966	0.969
TNC	VTN	9606.ENSP00000265131	9606.ENSP00000226218	0	0	0	0	0	0	0.360	0.170	0.446
TNC	VCAN	9606.ENSP00000265131	9606.ENSP00000265077	0	0	0	0	0.074	0.087	0.500	0.195	0.614
TNF	VTN	9606.ENSP00000398698	9606.ENSP00000226218	0	0	0	0	0.057	0	0	0.459	0.468
